Barcode,Cluster
AAACAGAGCGACTCCT-1,3
AAACCCGAACGAAATC-1,7
AAACCGGGTAGGTACC-1,4
AAACCGTTCGTCCAGG-1,5
AAACGAAGAACATACC-1,5
AAACGAGACGGTTGAT-1,2
AAACGTGTTCGCCCTA-1,3
AAACTAACGTGGCGAC-1,3
AAACTCGTGATATAAG-1,9
AAACTGCTGGCTCCAA-1,5
AAAGCTTGCCTACATA-1,9
AAAGGGATGTAGCAAG-1,8
AAAGGTAAGCTGTACC-1,3
AAAGTAGCATTGCTCA-1,4
AAAGTCACTGATGTAA-1,4
AAAGTGTGATTTATCT-1,2
AAAGTTGACTCCCGTA-1,2
AAATAACCATACGGGA-1,8
AAATAAGGTAGTGCCC-1,7
AAATACCTATAAGCAT-1,7
AAATAGCTTAGACTTT-1,7
AAATCGTGTACCACAA-1,5
AAATGATTCGATCAGC-1,9
AAATGGCATGTCTTGT-1,1
AAATGGTCAATGTGCC-1,5
AAATTAACGGGTAGCT-1,5
AAATTACACGACTCTG-1,8
AAATTACCTATCGATG-1,6
AAATTCCAGGTCCAAA-1,6
AAATTGATAGTCCTTT-1,1
AAATTGGTGAGAAGCA-1,3
AAATTTACCGAAATCC-1,3
AAATTTGCGGGTGTGG-1,1
AACAACTGGTAGTTGC-1,1
AACAATTACTCTACGC-1,5
AACACGACTGTACTGA-1,4
AACACGAGACGCGGCC-1,5
AACAGCTGTGTGGCAA-1,5
AACAGGAAATCGAATA-1,1
AACAGGATGGGCCGCG-1,4
AACATATCAACTGGTG-1,6
AACATCGATACGTCTA-1,3
AACCAAGACTTCTCTG-1,4
AACCAGTATCACTCTT-1,3
AACCCTACTGTCAATA-1,2
AACCCTGGTGGAACCA-1,4
AACCGAGCTTGGTCAT-1,8
AACCGCTAAGGGATGC-1,2
AACCGTTGTGTTTGCT-1,1
AACCTGTCACGGAATT-1,7
AACCTTTACGACGTCT-1,8
AACGATAGAAGGGCCG-1,4
AACGATATGTCAACTG-1,6
AACGCATGATCTGGGT-1,9
AACGCGGTCTCCAGCC-1,8
AACGGCCATCTCCGGT-1,1
AACGTACTGTGGGTAC-1,6
AACGTCAGACTAGTGG-1,4
AACGTGATGAAGGACA-1,3
AACGTGCGAAAGTCTC-1,2
AACTCAAGTTAATTGC-1,6
AACTCCTAATCCCATG-1,3
AACTCTCAATAGAGCG-1,2
AACTCTCAGTGTGCTC-1,1
AACTGAGGTCAGCGTC-1,3
AACTGATATTAGGCCT-1,1
AACTGGGTCCCGACGT-1,8
AACTGGGTTCGAGCCG-1,5
AACTTGCCCGTATGCA-1,4
AACTTTCTCGATCATG-1,9
AAGAAATCACCAGATT-1,9
AAGACTGCAAGCTACT-1,2
AAGAGATGAATCGGTA-1,5
AAGAGCTCTTTATCGG-1,2
AAGAGGATGTACGCGA-1,4
AAGAGGCATGGATCGC-1,2
AAGATGGCACCGGACC-1,4
AAGATTGGCGGAACGT-1,6
AAGCCGCTTTACCTTG-1,9
AAGCGGAGTGCGCGCA-1,3
AAGCGGCGTCATGGGT-1,3
AAGCGTCCCTCATCGA-1,1
AAGCTAGATCGAGTAA-1,7
AAGCTCGTGCCAAGTC-1,2
AAGGAGCGGTTGGTGC-1,1
AAGGATCGATCGCTTG-1,7
AAGGATGAGGGACCTC-1,6
AAGGCAGGCTGTCTCC-1,7
AAGGCGCGTAAAGCTT-1,4
AAGGCTGTGCTCATCG-1,1
AAGGGACAGATTCTGT-1,6
AAGGTATCCTAATATA-1,6
AAGGTGATAAACCAGC-1,2
AAGTAGAAGACCGGGT-1,4
AAGTAGTGACGCGAGG-1,4
AAGTCAATTGTCGTCA-1,2
AAGTCTAGTAGCTGCC-1,9
AAGTGACGACCGAATT-1,4
AAGTGCCTTGACTGTA-1,2
AAGTGCGTTAGAATCT-1,4
AAGTTCAGTCTGCGTA-1,3
AAGTTCGGCCAACAGG-1,1
AATAACAACGCTCGGC-1,4
AATAACACTAGAACAA-1,1
AATAAGTCCTCGAGAC-1,4
AATAGAACAGAGTGGC-1,6
AATAGAATCTGTTTCA-1,2
AATAGCAAGCCTCCTG-1,3
AATAGCTACCGCGTGC-1,3
AATATCGAGGGTTCTC-1,6
AATATTGGAGTATTGA-1,5
AATCCAAGGGCCTGAG-1,4
AATCGCCTCAGCGCCA-1,2
AATCGCGCAGAGGACT-1,7
AATCGGGACACTACGA-1,4
AATCTATGCCGGAGCC-1,9
AATCTGCGTTGGGACG-1,2
AATCTGGGTAGACCCT-1,3
AATGACAGCAATGTCT-1,1
AATGACGTAGGATGTC-1,2
AATGACTGTCAGCCGG-1,1
AATGATGATACGCTAT-1,7
AATGATGCGACTCCTG-1,6
AATGCAACCGGGTACC-1,8
AATGCACCAAGCAATG-1,8
AATGGTTCTCACAAGC-1,5
AATGTGCCCGAGGTGT-1,5
AATTAAAGGTCGGCGT-1,5
AATTAGCGCTGCAGCG-1,5
AATTCATAAGGGATCT-1,6
AATTCTAGAGTTAGGC-1,5
AATTGAACGCTCTGGT-1,2
AATTTGGGACATAGTA-1,3
AATTTGGTTCCAAAGA-1,1
ACAAATGGTAGTGTTT-1,2
ACAAATTCAGATCTGA-1,3
ACAACAGCATGAGCTA-1,2
ACAAGCAGTGCCTAGC-1,4
ACAAGGACAAGAGGTT-1,4
ACAAGGCCTACCAGCC-1,3
ACAAGGGCAGGCTCTG-1,2
ACAATCCATTTAAACC-1,4
ACAATGAATACGGAGA-1,4
ACAATGATTCTTCTAC-1,3
ACAATTTGAGCAGTGG-1,2
ACAATTTGGCCATATT-1,7
ACACAAAGACGGGTGG-1,1
ACACAAATATTCCTAG-1,3
ACACACCAGGACCAGT-1,2
ACACACTTTCTACACG-1,1
ACACCACATAATTAGC-1,7
ACACCCAGCATGCAGC-1,1
ACACCCGAGAAATCCG-1,4
ACACCTTAAGTAGGGC-1,1
ACACCTTACTACTTGC-1,7
ACACGAGACTCCTTCT-1,6
ACACGGCACTATGCAT-1,4
ACACGGGAACTTAGGG-1,6
ACACTGATCAAGGTGT-1,6
ACAGCATAGAGCCAGT-1,4
ACAGCGCACCCGCAGC-1,3
ACAGGTGGAGGTGAGG-1,1
ACAGTATACCGTGGGA-1,3
ACATAATAAGGCGGTG-1,8
ACATCCTGGTAACTGT-1,2
ACATCGATCGTTTACC-1,5
ACATCGGTCAGCCGCG-1,1
ACATCGTATGCAATGG-1,2
ACATCGTTAACCTAGT-1,1
ACATCTCAACGCGTAA-1,4
ACATGGCGCCAAAGTA-1,7
ACATTAGTTTATATCC-1,5
ACCAAACACCCAGCGA-1,3
ACCAACACCACACACT-1,9
ACCAACGCTTATTTAT-1,1
ACCAAGAACGCGTGTC-1,4
ACCACAACTCAGAACA-1,1
ACCACAAGTTTCTATC-1,6
ACCACCAATGTAACAA-1,7
ACCACCCTCTCTTCTA-1,9
ACCACGTGCAGCTATA-1,7
ACCAGCCCGGTCTTTG-1,5
ACCAGTGCCCGGTCAA-1,3
ACCAGTGCGGGAGACG-1,2
ACCATATCCGCAATAA-1,5
ACCATCGTATATGGTA-1,5
ACCCAACGCCCGTGGC-1,2
ACCCATCTTGAGGGTA-1,1
ACCCGGATGACGCATC-1,2
ACCCGGTTACACTTCC-1,5
ACCCTATGCCATATCG-1,1
ACCCTCCCTTGCTATT-1,2
ACCCTGGTAACGCCCT-1,3
ACCCTTCATCTGCGAA-1,1
ACCCTTGCCTGGGTCG-1,3
ACCCTTTAGTTCTCCA-1,4
ACCGAAAGGGCCCTGC-1,4
ACCGACTGAGTCCCAC-1,6
ACCGATGGTAGCATCG-1,2
ACCGCGGTGGAAGTCG-1,7
ACCGGGCCTTTGTTGA-1,2
ACCGGTCTGAGTACGG-1,5
ACCTAAGTACCTTTCA-1,1
ACCTAATCGACTTCCT-1,4
ACCTACAGTATGTGGT-1,7
ACCTCCGTTATTCACC-1,6
ACGAAATGGGCGGCAC-1,5
ACGAGATATTTGCTTA-1,3
ACGAGTACGGATGCCC-1,6
ACGATACATAGAACTA-1,8
ACGATCATACATAGAG-1,8
ACGATCATCTTGTAAA-1,7
ACGATGCATATGTTAT-1,1
ACGATGGATCCGATGC-1,1
ACGCAATCACTACAGC-1,9
ACGCATAAATGACATG-1,3
ACGCATTCGTGAGTAC-1,6
ACGCCAGATGATTTCT-1,8
ACGCCGCTAGACGACC-1,2
ACGCGAAGTCAGACGA-1,5
ACGCGCTACACAGGGT-1,4
ACGCGGGCCAAGGACA-1,6
ACGCTAGTGATACACT-1,6
ACGCTTAGTGTCTCTC-1,5
ACGGAGCGCAAATTAC-1,3
ACGGCACTTGCTTGGG-1,5
ACGGCCAACATGGACT-1,6
ACGGGAGTGTCGGCCC-1,4
ACGGGCGTATGCGACA-1,9
ACGTACAGATTTCTCT-1,4
ACGTAGATTGCTGATG-1,2
ACGTATTACTCCGATC-1,2
ACGTGCGCCTCGTGCA-1,1
ACGTTAATGTCGAAGA-1,2
ACGTTAGATTTGCCCG-1,1
ACGTTCGCAATCAATT-1,6
ACGTTTAGTTGTGATC-1,1
ACTAAGGACGCACACC-1,3
ACTAATACGTCAGGCG-1,3
ACTACCAGCTCTCTGG-1,4
ACTATATGCTGTGTTC-1,3
ACTATCCAGGGCATGG-1,7
ACTATTCGTCCGTGGT-1,3
ACTATTTCCGGGCCCA-1,4
ACTCAATAAAGGCACG-1,6
ACTCCCGAATTCGTTT-1,6
ACTCCCGTAGACTAGG-1,9
ACTCCCTAGAATAGTA-1,7
ACTCGCGATCTGACGC-1,7
ACTCGTAACCCGTCCT-1,5
ACTCGTCAGTAATCCC-1,2
ACTCTCTGACTTAGGT-1,2
ACTCTCTTATACACGA-1,3
ACTCTTCAGCTCCCGC-1,7
ACTCTTGTATAGTAAC-1,2
ACTGAATGGCGAAAGT-1,2
ACTGATTTAGTGATTC-1,4
ACTGCCGTCGTAACTC-1,1
ACTGCGGACACACCGT-1,7
ACTGGCGAACCTGCGT-1,3
ACTGTACGATACACAT-1,6
ACTGTAGCACTTTGGA-1,4
ACTGTCCAGGATTATA-1,5
ACTGTCTTCTTTAGAA-1,6
ACTTACCGGGCGCGCA-1,3
ACTTATACTTACCCGG-1,2
ACTTATTAGGATCGGT-1,5
ACTTATTTATGTGCCA-1,2
ACTTCGCCATACGCAC-1,6
ACTTCGCTAGCGAGTG-1,5
ACTTGACTCCCTCTTT-1,2
ACTTGGGACCCGGTGG-1,1
ACTTTACCCTCATGAA-1,6
ACTTTCCTATAGCTTC-1,6
AGAACCCAGCGTGACA-1,7
AGAACGTGGTACATTC-1,6
AGAAGAGCGCCGTTCC-1,6
AGAAGGTTGCCGAATT-1,5
AGAAGTGATTCGTGAT-1,4
AGAATGCGGGTTCGGA-1,3
AGAATTATGGATTCGA-1,6
AGACCCACCGCTGATC-1,5
AGACCCGCCCTCCTCG-1,6
AGACGACGATGCCGCT-1,1
AGACGGGCCGATTTAA-1,3
AGACTAGCCTTCCAGA-1,1
AGAGAACCGTCTAGGA-1,6
AGAGAAGGAGTACAAT-1,4
AGAGCGCTTGTAACGG-1,3
AGAGCGGGCTAATCAT-1,1
AGAGGGACAATTGTCC-1,3
AGAGTATAGTGTTACG-1,9
AGAGTTAGAGACCGAT-1,3
AGAGTTGCAGGCCTCC-1,3
AGATAACTTCAGGGCC-1,1
AGATACCAGCACTTCA-1,3
AGATACCGGTGTTCAC-1,1
AGATACTCAAGATCGA-1,2
AGATCGTGCATAAGAT-1,8
AGATCTCAGGTGTGAT-1,6
AGATGACTCGCCCACG-1,1
AGATGAGGGTTGCGAT-1,3
AGATGATGGAGTCTGG-1,6
AGATTATAGGACGTTT-1,5
AGCAACATATCTTATT-1,2
AGCACCAGTACTCACG-1,6
AGCACTTAAGGACGCC-1,4
AGCATCGTCGATAATT-1,1
AGCCACTCCCGTGCTT-1,6
AGCCCATACATGTAAG-1,4
AGCCCTAAGCGAAGTT-1,1
AGCCCTGTCGCACCGT-1,7
AGCCCTTCTAATCCGA-1,3
AGCGACAGGAACGGTC-1,1
AGCGACATCCCATTCA-1,1
AGCGACCAACGATATT-1,1
AGCGCGGGTGCCAATG-1,7
AGCGCTAGAGCGATGT-1,7
AGCGCTTATGGGCAAG-1,3
AGCGGTTGCCGCTCTG-1,3
AGCGTGGTATTCTACT-1,6
AGCTAGAAGCAGAAGT-1,9
AGCTATTTAATCCAAC-1,8
AGCTCGTTGATGGAAA-1,3
AGCTCTAGACGTTCCA-1,2
AGCTCTTCCCAGTGCA-1,8
AGCTCTTCGTAACCTT-1,7
AGCTCTTTACTCAGTT-1,5
AGCTGAAGTAAACCAA-1,8
AGCTGTAACCTCAATC-1,4
AGCTTGATCTTAACTT-1,4
AGGACAGTCGAATCCC-1,2
AGGACGACCCATTAGA-1,5
AGGACGCTCGATGTTG-1,8
AGGAGACATCCACAGT-1,9
AGGAGAGTCTGGCTAC-1,9
AGGATATAGGGATTTA-1,2
AGGATTGCTTACGACA-1,9
AGGCAGATGCGTAAAC-1,6
AGGCCACCCGTTATGA-1,1
AGGCCCATTGTACAGG-1,4
AGGCCCTAGAACGCCA-1,4
AGGCGTCTATGGACGG-1,3
AGGCTATGGTTAGCTT-1,4
AGGCTTCCCGAAGAAG-1,1
AGGGAAACGAGGTACT-1,3
AGGGACCGGCTGCGTT-1,6
AGGGACTCTACGCGAC-1,1
AGGGAGACATACTTCG-1,7
AGGGCAGCGGCGTGGT-1,1
AGGGCGTGATCGGCTA-1,4
AGGGCTGCAGTTACAG-1,2
AGGGTCAGTAACCCTA-1,3
AGGGTCGATGCGAACT-1,2
AGGGTGCTCTCGAGGG-1,2
AGGGTTCCCTTTGGTT-1,2
AGGGTTTAGTTCGGGA-1,6
AGGTACGATATTGCCA-1,1
AGGTAGGTACAAAGCT-1,4
AGGTATAATTGATAGT-1,7
AGGTATGCGGACATTA-1,7
AGGTCGCGGAGTTACT-1,6
AGGTTACACCATGCCG-1,7
AGGTTGAGGCACGCTT-1,8
AGGTTTCACACACCTT-1,2
AGTAACGTTCATCCTG-1,3
AGTAATGTCTTGCCGC-1,1
AGTACATCATTTATCA-1,6
AGTACCTTCGAGTGCT-1,3
AGTACGGGCACCTGGC-1,6
AGTACGTGGCCTGTCT-1,3
AGTAGCTAGACGCCGA-1,5
AGTAGGAAGGAAGTTG-1,3
AGTAGGTAACATACAT-1,4
AGTATAATACTAGGCA-1,4
AGTCAACACCACCATC-1,5
AGTCAAGATGACACTT-1,2
AGTCCATTGGCTGATG-1,2
AGTCCCGCCTTTAATT-1,8
AGTCCCTCGCAGAAAG-1,9
AGTCGACGGTCTCAAG-1,2
AGTCGGCCCAAACGAC-1,4
AGTCGGCTCAACTTTA-1,5
AGTCGGTTGCGTGAGA-1,7
AGTCGTGGGCATTACG-1,4
AGTCTAAAGTATACTC-1,7
AGTCTCACAAGACTAC-1,1
AGTCTTCTCCTCAAAT-1,8
AGTGAACAAACTTCTC-1,2
AGTGAAGATGGTGTCC-1,9
AGTGACCTACTTTACG-1,5
AGTGAGACTTCCAGTA-1,2
AGTGAGCCTCGCCGCC-1,6
AGTGAGGGTTTCTGAC-1,3
AGTGATATGAGTAGTT-1,5
AGTGATTCAAGCAGGA-1,2
AGTGCGTAGCTCGTAA-1,5
AGTGCTTGCACGAATA-1,2
AGTGGCGGCAATTTGA-1,7
AGTGTATTGCGCATTG-1,8
AGTTAAACACTTGCGA-1,5
AGTTAAGCGGTCCCGG-1,8
AGTTAAGTCAACCGCT-1,5
AGTTACTCTATCGTGG-1,8
AGTTCCTACAGAATTA-1,1
AGTTCCTATTTATGTT-1,5
AGTTTATGTAAAGACA-1,9
AGTTTCGCAGGTCGGA-1,1
AGTTTGGCCAGACCTA-1,1
ATAAACGGACCCGTAA-1,5
ATAAAGGCTCGGTCGT-1,5
ATAAAGGTCAAGTACG-1,3
ATAAATATTAGCAGCT-1,4
ATAACGCCGGAGGGTC-1,2
ATAACGGAGTCCAACG-1,6
ATAACGTTACCTCCAC-1,3
ATAAGCAAACACCGAG-1,3
ATAAGTACCCGATTGT-1,3
ATAAGTAGGATTCAGA-1,6
ATAAGTAGGGCGACTC-1,7
ATAAGTTACCGCGACG-1,5
ATAATAGCTGTTGAAT-1,5
ATAATAGTGTAGGGAC-1,5
ATACCACGGGCAACTT-1,4
ATACCAGGCTAATAGA-1,4
ATACCGTCATCCATAA-1,3
ATACGAAGGCTTTCCA-1,7
ATACGCCGGCGAAACC-1,2
ATACGGGTTTCGATTG-1,6
ATACGTCCACTCCTGT-1,2
ATACTAGCATGACCCT-1,1
ATAGACAACGGGACCT-1,6
ATAGACGAAGAGAAAG-1,1
ATAGAGTACTGGGACA-1,1
ATAGAGTTATCAACTT-1,6
ATAGGAATCTAAGCTT-1,3
ATAGGCGGCTATAGAA-1,1
ATAGGCTAGCTTCGCA-1,6
ATAGGGATATCCTTGA-1,8
ATAGGTTGGGCAGATG-1,6
ATAGTCTTTGACGTGC-1,4
ATAGTGAAGCGTTCTC-1,5
ATAGTTCCACCCACTC-1,2
ATATCAACCTACAGAG-1,7
ATATCGGTAGGGAGAT-1,7
ATATCGTGCCAGACCC-1,5
ATATCTCCCTCGTTAA-1,8
ATATCTTAGGGCCTTC-1,6
ATATGTCTCCCTAGCC-1,2
ATATGTGCACAAACCA-1,3
ATATTCAGTTAAACCT-1,1
ATATTCCCACAGGTCA-1,4
ATATTTAACCCTCAAG-1,6
ATCAAACACTGTTCCA-1,7
ATCAAACGAAGGTTTG-1,1
ATCAATCTGGGCTGCA-1,6
ATCACATTAGAATATC-1,8
ATCACGTGCTAATTAA-1,1
ATCACTTCATCCTCGC-1,8
ATCAGACGGCACGCCG-1,5
ATCAGGTCGCCATTGC-1,3
ATCAGTAGGCAGGGAT-1,6
ATCATCCAATATTTGT-1,5
ATCATGGACTACCGAC-1,7
ATCCAACGCAGTCATA-1,4
ATCCAATGGAGGGTCC-1,4
ATCCACGCTAAATGTT-1,3
ATCCACTTTCAGACTA-1,3
ATCCAGAGCAACAACC-1,5
ATCCAGGATTCGTGAA-1,5
ATCCTACCTAAGCTCT-1,5
ATCCTGAATCGCTGCG-1,4
ATCCTGCGTGGAATGG-1,5
ATCGACCCAATACAGA-1,5
ATCGACTCTTTCCGTT-1,6
ATCGCACGCCGGGAGA-1,1
ATCGCCAGTCAACATT-1,7
ATCGCTGCGTGCAGCA-1,9
ATCGGCAAGCAGTCCA-1,8
ATCGTTCACTTTCGCC-1,3
ATCTCCCTGCAATCTA-1,1
ATCTGCACCTCTGCGA-1,6
ATCTGGTTAAGACTGT-1,6
ATCTGTAATTGTACCC-1,1
ATCTTGACCTGCAACG-1,1
ATCTTGACTTGTCCAA-1,6
ATCTTTCGTATAACCA-1,9
ATGAAGCCAAGGAGCC-1,1
ATGACGCCGGCTCTAA-1,1
ATGACGCGTTCTATCC-1,1
ATGACTATGCGACATT-1,2
ATGAGGAGTGTTAATC-1,4
ATGAGGGCAGCGGCTA-1,7
ATGATCGGGAATAGAC-1,1
ATGATGCAATGGTACA-1,5
ATGCACTACCGCATTG-1,1
ATGCATGATCCAGGAT-1,8
ATGCCAATCGCTCTGC-1,3
ATGCCATTTGCGACCA-1,2
ATGCCGGTCTTGCATA-1,7
ATGCCGGTTGATGGGA-1,8
ATGCGACAATTGGTCC-1,3
ATGCGACAGTCCCATT-1,2
ATGCGAGTCCCACCAC-1,2
ATGGAACCTTTGCACA-1,7
ATGGAGCAGGCCGTGA-1,2
ATGGATCCGGCGTCCG-1,8
ATGGATTGACCAAACG-1,8
ATGGCGGAATAGTCGC-1,5
ATGGCTGGAAATGGCC-1,3
ATGGGAACGGAAGCGG-1,5
ATGGGCCTCGGCCTCT-1,2
ATGGTCGCGTGGTTTC-1,2
ATGGTTACGAAACATG-1,3
ATGTAAGGCTGCTCTT-1,6
ATGTGAAAGCCTAATG-1,5
ATGTGCATCCGACGCA-1,1
ATGTGGACATCTTGAT-1,7
ATTAAACATGCGGACC-1,5
ATTAATACTACGCGGG-1,8
ATTAATGAACCAGTCG-1,6
ATTAATTCGGTCACTC-1,1
ATTACAACTACCGGCC-1,3
ATTACGACTCCACAGT-1,3
ATTACGCGCTGGCAGG-1,4
ATTACTAGCCTCTTGC-1,4
ATTACTTACTGGGCAT-1,9
ATTAGATTCCTCAGCA-1,9
ATTAGATTGATAGCGG-1,1
ATTAGGCGATGCTTTC-1,2
ATTATACTTTGCTCGT-1,8
ATTATAGCTACTTTAC-1,6
ATTATCTCGACAGATC-1,4
ATTATGCCATAGGGAG-1,1
ATTATTATGTCCGTCA-1,4
ATTCAGGACCTATTTC-1,8
ATTCATATACTGTCCA-1,5
ATTCCTAAGACGTGGA-1,3
ATTCCTCCGCCAGTGC-1,4
ATTCGACGCCGGGCCT-1,4
ATTCGCAGAGGACACT-1,3
ATTCGTGCTATCTCTT-1,7
ATTCTCGTCTCTTTAG-1,4
ATTCTGAGTATGAACT-1,3
ATTCTTCGTACTTATG-1,3
ATTGAAGATCTTAGTG-1,6
ATTGACCGGCGATGAC-1,3
ATTGACGTAACTCGGT-1,4
ATTGATGAGTCCTAAC-1,2
ATTGCTGCTCCTCCAT-1,1
ATTGGGAATATCTTGG-1,4
ATTGGGAGTTCTGTAA-1,3
ATTGTACAACTCGGCT-1,6
ATTGTCGCAATACCTT-1,8
ATTGTGACTTCGCTGC-1,3
ATTTAACTCGTATTAC-1,4
ATTTACAGTTTACTGG-1,1
ATTTACTAAGTCCATT-1,6
ATTTCATTATTTCGCG-1,3
ATTTCCGGGTTCTGCG-1,1
ATTTGCGCGAGTAGCT-1,1
ATTTGTCTTGGGAGCT-1,2
ATTTGTTCCAGGGCTC-1,8
CAAACGAGTATCGCAG-1,5
CAAACGGTCGCACTTT-1,1
CAAACGTGGTCTTGCG-1,3
CAAACTACGATAGAGA-1,3
CAAACTATTGAGCTTC-1,1
CAAACTCGCGACGCCG-1,7
CAAAGATTATTGGGCC-1,4
CAAAGGTTAAATTCAG-1,3
CAAATCTCTCACAAGG-1,4
CAAATGTCCTTCCGTG-1,5
CAAATTGGATTATGCC-1,9
CAAATTGTCAGCAAGC-1,1
CAACACATCTCCTGCC-1,5
CAACCTGAACCTGCCA-1,9
CAACGACCCGTTTACA-1,1
CAACGGTTCTTGATAC-1,4
CAACTATATCGAATGC-1,8
CAACTCCAACGTTTAG-1,5
CAACTCCGTAACTTGC-1,3
CAACTCCTTGATCCCG-1,4
CAACTGAGGGTATGAC-1,3
CAAGAAACCCTAAACT-1,3
CAAGACTCAGAAGCGC-1,9
CAAGAGGGCGGAGTAC-1,7
CAAGATATTATAACGT-1,2
CAAGCAACGTCGGAGT-1,1
CAAGCACCAAATGCCT-1,1
CAAGGATCGCATGTTC-1,2
CAAGGTCCTATAGGCT-1,6
CAAGTGTGGTTGCAAA-1,2
CAATAAACCTTGGCCC-1,6
CAATACGAGAGTCTGA-1,7
CAATATGTAGATTTAC-1,3
CAATATTCTTGACCTA-1,1
CAATCCCTATACCAGC-1,3
CAATGAGGTTCGACTA-1,9
CAATGGAATCTACATA-1,3
CAATGGATCTCTACCA-1,7
CAATGTGCCAACCCTT-1,7
CAATTAAGGGTGATGA-1,6
CAATTTCGTATAAGGG-1,2
CACAAGAAAGATATTA-1,3
CACAATGAGCTGCTAT-1,5
CACACGCGCTGTCTTA-1,2
CACACGTTTCAATGGG-1,3
CACACTTGTATTGCGA-1,3
CACAGCACCCACGGCA-1,6
CACAGCTAGGGAGTGA-1,1
CACATATTAGCAGGAT-1,7
CACATCGTGCACGCGC-1,5
CACATGATTCAGCAAC-1,2
CACATTCTTTCGATGG-1,8
CACATTTCTTGTCAGA-1,7
CACCATCGGAGGAGAC-1,4
CACCATGATCGCAAAG-1,3
CACCCAAATCTTATGT-1,6
CACCCACACGTCACCC-1,4
CACCCACGAGGCAATT-1,8
CACCCGGTTTGTGACT-1,1
CACCGATACACCGAGC-1,3
CACCGCCAGAAGGTTT-1,8
CACCGCCGACCAGCGA-1,4
CACCGCGTCCACTCTA-1,3
CACCGGAGATATCTCC-1,3
CACCGTTAGGGATCAC-1,1
CACCGTTGCGCGATAT-1,4
CACCTAATCAGTTTAC-1,8
CACCTCGATGGTGGAC-1,8
CACCTTGCGAAACTCG-1,6
CACCTTGGCGCCTTTG-1,2
CACGAAAGTTAGTCCC-1,4
CACGACGTAATAGTAA-1,3
CACGCACAGCGCAGCT-1,6
CACGCAGCGAGGCTTT-1,1
CACGCGGAACTGTTGC-1,2
CACGGACGTGGATGGC-1,9
CACGGCGCGCCAAAGG-1,3
CACGTCGGCAACCTCT-1,1
CACGTCTATGATGTGG-1,3
CACGTTCGTGCTCTAG-1,2
CACTAAAGTTGCCTAT-1,5
CACTACTCAGTTCTGT-1,4
CACTCAAGAGCTATGG-1,5
CACTCAGCTCTTGAGG-1,1
CACTCCTATGTAAGAT-1,1
CACTCCTCTCGGTCGG-1,8
CACTCGAGCTGAACAA-1,7
CACTGTCCAAGTGAGA-1,4
CACTTAATCAGACGGA-1,6
CAGACACCGATCGCTG-1,6
CAGACCTGTAAGTGTT-1,6
CAGACGAACCTGATAC-1,5
CAGAGACGGTCACCCA-1,5
CAGAGCATGAGCTTGC-1,6
CAGAGGCGATGCATGA-1,1
CAGAGTGATTTAACGT-1,4
CAGATACTAACATAGT-1,1
CAGATCATTTAAAGTC-1,9
CAGCAGCCCGTTCCTT-1,2
CAGCCGGGCCCTCTAT-1,3
CAGCCTCCTGCAGAGG-1,6
CAGCCTCTCCTCAAGA-1,3
CAGCGATTCCCTTCAA-1,5
CAGCTCACTGAGACAT-1,6
CAGCTCGACAAGTTAA-1,6
CAGCTCGTGCTTGTGT-1,4
CAGCTGGCGTAACCGT-1,5
CAGCTTAGTAGGTAGC-1,4
CAGGAAGACTTTATAT-1,3
CAGGACAGCTGCCCTT-1,7
CAGGATATATCGTTGT-1,5
CAGGCCGTTTGGGTGT-1,6
CAGGCGCACGGTGGTC-1,4
CAGGCGCCATGCTAGG-1,7
CAGGTTTAGTACTACA-1,3
CAGTAACTATTTATTG-1,8
CAGTACATTCTCTAAA-1,9
CAGTAGCCCACGCGGT-1,6
CAGTCCAACGCCTTCT-1,3
CAGTCGAGGATGCAAT-1,6
CAGTCTGTATACTGGG-1,5
CAGTGAATAAATGACT-1,6
CAGTTCAAATTGACAC-1,6
CATAACGGACAGTCGT-1,2
CATACCCGTACCCAGT-1,4
CATACGGCGTCTGGGC-1,5
CATACTATGTAATTGT-1,5
CATACTTAGGCAATAC-1,6
CATAGCGTTGCCCACC-1,1
CATAGTACATTGAGAG-1,1
CATAGTAGCATAGTAG-1,4
CATAGTCCACAAGAAC-1,1
CATATACTACTGATAA-1,8
CATATAGGTACAGTCA-1,5
CATATGTCAGGCTACG-1,4
CATATTATTTGCCCTA-1,3
CATCAAACTGGCGCCC-1,3
CATCATCTACCCGGAC-1,1
CATCGCCCGCGGCCAA-1,4
CATCGGACGGGTTAAT-1,5
CATCTACCCGAGAACG-1,3
CATCTAGTGAAGGGAA-1,7
CATCTATCCCGTGTCT-1,8
CATCTTACACCACCTC-1,2
CATGAACCTCTTATCA-1,4
CATGACTTCGCTGAAT-1,7
CATGATGCACAATTCT-1,8
CATGATGGAAGTTAGC-1,2
CATGCACGTGTTACTG-1,5
CATGCATGGAGACCCT-1,4
CATGCCAACTCGCAAA-1,5
CATGCGACCAGTTTAA-1,6
CATGCGTTAGACAGAA-1,1
CATGCTGGCTCCAATT-1,4
CATGGAAATGGGACCA-1,3
CATGGCAGGAAGATCG-1,1
CATGGGTCGGGTGTGG-1,8
CATGGTAAGTAGCGTT-1,7
CATGGTCTAGATACCG-1,6
CATGTAGGAGCGCCAA-1,3
CATTACATAGATTGTG-1,9
CATTACGTCGGCCCGT-1,1
CATTATGCTTGTTGTG-1,1
CATTCACTGACAGCTA-1,5
CATTCCCATTCCGTCG-1,5
CATTGATGAACACGCC-1,3
CATTGCGGGTCAATTC-1,9
CATTTAGCGGACCATG-1,6
CATTTATCGTTCAAGA-1,4
CATTTGAGTGGTACGT-1,5
CCAAACAGAACCCTCG-1,1
CCAACGATGCACTGAT-1,1
CCAACGCTTGCCAGGG-1,3
CCAAGAAAGTGGGCGA-1,6
CCAAGACTTCTGCGAA-1,1
CCAAGCGTAACTCGTA-1,2
CCAAGGAACAGAGAGG-1,4
CCAATAGTGCCGTCGA-1,1
CCAATCGGTAGATCGA-1,8
CCAATGTCACAGCAAG-1,5
CCAATTACGGGTCGAG-1,8
CCAATTGAATGTTAAT-1,1
CCACAATGTACGTCTT-1,2
CCACACTGAGATATTA-1,5
CCACAGTACCCATCCT-1,2
CCACCAACTTTACTGT-1,1
CCACCCAAGGAAAGTG-1,2
CCACGAATTTAACCTC-1,7
CCACGAGAAGAGAATC-1,8
CCACGGAGCCATAAGA-1,4
CCACGGTGCCCGGTAG-1,7
CCACGTAAATTAGACT-1,5
CCACTATCCGGGTCAC-1,9
CCACTGGTGGCTGGTT-1,5
CCAGAAAGCAACTCAT-1,1
CCAGATAGTTGAGTGA-1,7
CCAGATGTAAATGGGT-1,9
CCAGCCTGGACCAATA-1,2
CCAGCGGGATCACCAG-1,5
CCAGGGACGTGGCCTC-1,1
CCAGTAGTCTGATCCA-1,6
CCAGTCTAGACGGCGC-1,6
CCATAAACAACCCGAC-1,1
CCATACCTTTACTTGT-1,6
CCATAGGTTGGCGTGG-1,1
CCATCGCAGTTAAACT-1,5
CCATCTCACCAGTGAA-1,2
CCATGCCTGTTTAGTA-1,5
CCATGCTCTGCAGGAA-1,4
CCATTAGCGATAATCC-1,1
CCATTCCCTGCCCACA-1,1
CCATTGTTTCCTCCAT-1,9
CCCAAACATGCTGCTC-1,2
CCCAACATACGTCGCG-1,1
CCCAACCACACTAACA-1,4
CCCAATGAGATTTGCA-1,5
CCCAATTTCACAACTT-1,1
CCCAGAGGAGGGCGTA-1,9
CCCAGTTAAGGCGCCG-1,2
CCCGACCATAGTCCGC-1,8
CCCGATAGCCTCGCCT-1,7
CCCGCAGCGCGAACTA-1,7
CCCGCAGGGCCCAAAG-1,1
CCCGCCATGCTCCCGT-1,4
CCCGTAAGTCTAGGCC-1,4
CCCGTAGCTGGGAAGA-1,1
CCCGTCAGCGTCTGAC-1,1
CCCTCATTCTGGAATT-1,4
CCCTGAAATGAGTTGA-1,1
CCCTGCGCTACGCATA-1,5
CCCTGGTATGGGCGGC-1,4
CCCTTTGACAGGTCTT-1,5
CCGAACCTTCCCGGCC-1,7
CCGAAGGGCGTACCGC-1,9
CCGACGGGCATGAGGT-1,5
CCGACGTAAACACAAC-1,3
CCGACTCGCATAGTCT-1,4
CCGAGAAGTCGCATAA-1,7
CCGAGCTGTGCTTGTC-1,3
CCGAGGGATGTTAGGC-1,4
CCGATCTCAACCTTAT-1,2
CCGATCTTAAGAGGCT-1,3
CCGCACAAAGACCAAC-1,2
CCGCACACGAACGTGT-1,7
CCGCACGTGACCTCGG-1,5
CCGCCGGTCAACACAC-1,4
CCGCCGTTGAGGATAA-1,7
CCGCCTGCGAATTGGT-1,3
CCGCGGAATGCGTCAC-1,6
CCGCGGGTACGAAGAA-1,4
CCGCTATCAGCACCAG-1,5
CCGCTGGTGCCATTCA-1,5
CCGCTTACCTCACTCT-1,1
CCGCTTGCTGACATGG-1,9
CCGGAATGGTTTCAGT-1,4
CCGGAGGTCTTATGGT-1,3
CCGGCACGACCGTTTC-1,6
CCGGCGCATATTGGAT-1,1
CCGGGACCCGCAGAGA-1,4
CCGGGCGGTCTCGTCA-1,2
CCGGGCTGCTCCATAC-1,2
CCGGGTTCGAGGTTAC-1,1
CCGGTAATGGCTAGTC-1,7
CCGGTTTGTAATTGTG-1,1
CCGTAAGTTGGTCCCA-1,2
CCGTATCTCGTCGTAG-1,4
CCGTATTAGCGCAGTT-1,3
CCGTGAGGCATTCATG-1,7
CCGTGCCCATGACGGC-1,4
CCGTGGAACGATCCAA-1,9
CCGTGTTAAATTCCAT-1,1
CCGTTACGTTAGAACA-1,8
CCGTTCCGAATCTCGG-1,5
CCTAAAGGCTGACGCT-1,3
CCTAAATTAACGGTTC-1,2
CCTAACTAAGGCTCTA-1,8
CCTACAAGTCCGGAAT-1,3
CCTACATTCACAGACG-1,1
CCTACTGCGGCGGCCA-1,9
CCTACTGCTTACACTT-1,1
CCTAGGCGTAGCGATC-1,2
CCTAGTTAGTCGCATG-1,1
CCTATACCGTCCTGTC-1,1
CCTATCTATATCGGAA-1,8
CCTATGAAGTGGTGCC-1,7
CCTATGGGTTACCGTC-1,6
CCTCACCTGAGGGAGC-1,6
CCTCACCTTAGCATCG-1,6
CCTCCCGACAATCCCT-1,4
CCTCCGACAATTCAAG-1,4
CCTCGAAGTGGACGGG-1,1
CCTCGCCAGCAAATTA-1,8
CCTCGCGCGATATAGG-1,8
CCTCGGACCGGGATAG-1,2
CCTCGTTACGCCTGTT-1,3
CCTCTAATCTGCCAAG-1,8
CCTCTATCGATTAGCA-1,5
CCTCTCTCCCATCTAG-1,1
CCTCTGGCCTAGACGG-1,3
CCTGAACGATATATTC-1,2
CCTGAATATTTACATA-1,8
CCTGACCACCGATGGT-1,5
CCTGCTATTTGAGAAG-1,1
CCTGGAAACGTTCTGC-1,7
CCTGGCTAGACCCGCC-1,1
CCTGTAAGACATGATA-1,1
CCTGTACTCACGCCCA-1,4
CCTGTCACCCGGGCTC-1,6
CCTGTCCCTCACGTTA-1,6
CCTGTCGCCCGTAAAT-1,5
CCTTCTTGATCCAGTG-1,8
CCTTTCAATGAAGAAA-1,6
CGAAACATAGATGGCA-1,3
CGAAACGCAATTCATG-1,1
CGAACATAGTCAGAAA-1,3
CGAACCCGCATGCGTC-1,5
CGAACGCCCAGTGCCG-1,1
CGAAGCTATAAATTCA-1,8
CGAAGTTGCTCTGTGT-1,1
CGACAATTTGATCTAA-1,2
CGACACCGCTTAAGGA-1,3
CGACACGCTCCGACAG-1,2
CGACAGTTCGCGTTAT-1,1
CGACATGCGATCTTCT-1,4
CGACTCAGGATGTTAT-1,6
CGACTCGGTACACGGT-1,3
CGACTTTGTATAGCCT-1,6
CGAGACCCTAGAGTGT-1,5
CGAGAGATGTGAACCT-1,6
CGAGATTTCGCTCGGG-1,7
CGAGCGTTGATCAGCC-1,5
CGAGCTGGGCTTTAGG-1,1
CGAGGAGCTTCCATAT-1,9
CGAGGATCGGGAACGA-1,9
CGAGGCTAAATATGGC-1,6
CGAGGGACTGCGGTCG-1,2
CGAGTACTAAAGAGGA-1,1
CGAGTGAAGGTACCAG-1,4
CGAGTTCTGTCCCACC-1,7
CGAGTTTATCGGACTG-1,2
CGATAATACTCAGGTT-1,7
CGATACCTCGCGGACA-1,5
CGATCATTAGAGGCAC-1,3
CGATCCGACCCAGTGC-1,5
CGATCTGTTGGAGGAC-1,4
CGATGGACCCTACGCC-1,7
CGCAAACACGAGTTAC-1,4
CGCAATTACTTTCGGT-1,4
CGCAATTAGGGTAATA-1,1
CGCAATTCTACAATAA-1,4
CGCACATGTCCACTAC-1,2
CGCACGTGCGCTATCA-1,2
CGCAGAAACATTTGCG-1,4
CGCAGATCTTCACCCG-1,9
CGCATCATGGCTTCAG-1,3
CGCATCCATCAGCCAG-1,9
CGCATGGTGCGATGCT-1,2
CGCATTAGCTAATAGG-1,8
CGCCATCCGATTATGA-1,6
CGCCCGCTTCCGTACA-1,8
CGCCGCCCATGCCTGT-1,2
CGCCGGTGTCGCAGTA-1,3
CGCCGTCTACCCATCG-1,7
CGCCTCCCTCCTCTAT-1,2
CGCCTGGCCTACGTAA-1,4
CGCCTTTAGCATGCTC-1,7
CGCGAGAGGGACTTGT-1,3
CGCGCATGTTTGATTG-1,5
CGCGCCCGACTTAATA-1,8
CGCGGCTCAACTTGAA-1,2
CGCGGGAATTAGGCAG-1,2
CGCGGTAAGTCTAGCT-1,9
CGCGGTCACAAACCAA-1,3
CGCGTACATTCTGGAA-1,3
CGCGTTCATGAAATAC-1,1
CGCTACGGGACATTTA-1,5
CGCTAGAGACCGCTGC-1,2
CGCTATTCTTAGGCTC-1,5
CGCTCGACATAATGAT-1,4
CGCTCTCCGTAGATTA-1,1
CGCTGGTGACTACCCT-1,2
CGCTGTGACGCCGCAC-1,1
CGCTGTGTGGATGTTG-1,4
CGCTTATTCCCGGTCG-1,4
CGCTTCCACTGAAATC-1,4
CGCTTTCATACCGGTG-1,4
CGCTTTCTTGCATTCG-1,2
CGGAAATTTCACATCC-1,4
CGGAACGTAAACATAG-1,5
CGGAGCATGGCGATCC-1,2
CGGAGCTTATAACACC-1,3
CGGAGTTTGAGAGACA-1,4
CGGCACCGTTAGCGCC-1,3
CGGCAGGGTCGGGTTG-1,2
CGGCCACGCACAAAGT-1,5
CGGCCCAACCTGTAGT-1,9
CGGCCCAGGTATATCC-1,6
CGGCTCTAAAGCTGCA-1,7
CGGCTCTTCGTCGAAC-1,3
CGGCTTTGTATGATAA-1,4
CGGGAATATAGTATAC-1,2
CGGGAATTTATGTAAA-1,5
CGGGATCAATGTAAGA-1,1
CGGGCAGCTAAACCGC-1,5
CGGGCCTTCTTTGTAA-1,5
CGGGTGTACCCATTTA-1,2
CGGGTTCGGCACGTAT-1,3
CGGTACTAGAATCAAA-1,2
CGGTAGAGGTGCAGGT-1,6
CGGTATAGGTATTAGC-1,3
CGGTCAAGTGGGAACC-1,6
CGGTCCATGAGACTCC-1,3
CGGTCTATCAACCCGT-1,8
CGGTGAAGACTAAAGT-1,5
CGGTGCAGATAGAACG-1,1
CGGTGCGCGTTGGTCC-1,1
CGGTGGGCTCCAGCCT-1,3
CGGTTATCCAACAGTG-1,6
CGGTTCAAGTAGGTGT-1,6
CGGTTGACCTGGCATA-1,4
CGGTTGGGTTCAAGTT-1,3
CGGTTTATGAAGGAAC-1,3
CGTACCTGATAGGCCT-1,8
CGTAGCGAATTGTCAG-1,1
CGTATTAAGAGATCTA-1,5
CGTATTGTTTCCTAAT-1,9
CGTCAAATGGTCGCAG-1,9
CGTCACGTCCATTGGT-1,5
CGTCAGTGCGCACAAG-1,5
CGTCGGATAGTGTTGA-1,2
CGTCTGGAAGGGCCCG-1,1
CGTCTTGAGTGTGACG-1,7
CGTGAAGTTAATTCAC-1,5
CGTGACATTGGGTCGT-1,8
CGTGCAGACTGGGACA-1,2
CGTGCATTGTCGACGC-1,1
CGTGCCCTCCCGAAGA-1,2
CGTGGCCGAATATCTA-1,2
CGTGTCCCATTCGCGA-1,1
CGTGTGTTAAACCCTG-1,6
CGTTAGCTCACAACTG-1,8
CGTTCTTCGCACACCT-1,3
CGTTGAGCGACCGTCG-1,2
CGTTGAGTAATTGCGT-1,3
CGTTGTAAGATTGATT-1,9
CGTTGTTTCAATTCCC-1,1
CGTTTAAGCGGAGCAC-1,4
CGTTTACAAGGCAGCT-1,3
CGTTTCACTTCGGGCG-1,8
CGTTTCGCTCATTACA-1,5
CGTTTGTGTAGAGGGT-1,1
CTAAAGAATGCCTACT-1,1
CTAAAGGGAAATAGGA-1,5
CTAAATCCTATTCCGG-1,6
CTAACCGCGCGCCCGT-1,1
CTAACGAAACTTGCTG-1,6
CTAACTGGTCCGGTTC-1,1
CTAAGGGAATGATTGG-1,2
CTAAGTACAGGGCTAC-1,3
CTAATTATGAAGCGTA-1,3
CTAATTCGCACGCGCT-1,4
CTAATTCTCAGATATT-1,6
CTACAAGAAATAACCC-1,1
CTACCCTAAGGTCATA-1,2
CTACGAACTAGGTCGA-1,4
CTACGACTAGCTATAA-1,4
CTACGCACGGAGTACC-1,5
CTACGCCATTTCCGAT-1,1
CTACTATCATAGGTTT-1,5
CTACTATCTTTCAGAG-1,6
CTACTCTAGGCCCGGC-1,4
CTACTGCCACCTGACC-1,8
CTAGACATATATGTAG-1,3
CTAGACTGCATTTCGT-1,3
CTAGATGTGAGTGTAA-1,6
CTAGATTTACGACGGC-1,2
CTAGCATAGTATAATG-1,2
CTAGCCGATGTTATGA-1,9
CTAGGTCTGAAGGAAT-1,7
CTAGTATTCGGAATTA-1,3
CTAGTCACGTCTTAAG-1,2
CTAGTGAAGGACAGGA-1,1
CTAGTTGGGCCCGGTA-1,8
CTATAAGAGCCAATCG-1,6
CTATCGGGTCTCAACA-1,2
CTATGTCACTAGCCCA-1,6
CTATGTCTATTGAAAC-1,4
CTATTGTGTTTGGTCA-1,8
CTATTTGGTTACGGAT-1,2
CTCAAGACATTAGCGC-1,3
CTCACACGCAAGCCTA-1,3
CTCACCGATCCAAACT-1,3
CTCACTTGGCTGGTAA-1,4
CTCAGTCACGACAAAT-1,7
CTCATCACTTAGTGAT-1,9
CTCATGGCTCACAATC-1,1
CTCATGGTAATTTGCG-1,4
CTCATTAACGTTGCCC-1,9
CTCATTTGATGGGCGG-1,8
CTCCGCCCACATGAGG-1,1
CTCCGGCCTAATATGC-1,1
CTCCTTTACGCAAGTC-1,9
CTCGAATGGAACGTAT-1,3
CTCGAGGTCGAACAGT-1,6
CTCGATATTTGCGAGC-1,9
CTCGCACCTATATAGT-1,8
CTCGGGATAACACCTA-1,9
CTCGGTACCACTGCTC-1,2
CTCGGTCCGTAGCCTG-1,1
CTCGTTTCTAATGTTT-1,9
CTCTAATGCATTGATC-1,9
CTCTATTTGGCTGCAG-1,7
CTCTCACAATCGATGA-1,2
CTCTGCGAAGCAAGCA-1,4
CTCTGGACGCCTGGTG-1,6
CTCTGTTTGAGGATTC-1,1
CTCTTCTATTGACTGG-1,2
CTGAAAGAGATCCGAC-1,8
CTGAATCCGAGACCTC-1,5
CTGAATTTATTGCCAG-1,9
CTGACTGCGCAGCTCG-1,6
CTGAGCGAGACTTATT-1,7
CTGCACCTAGTCCACA-1,9
CTGCACCTGGAACCGC-1,4
CTGCCAAGGTTGGAAG-1,8
CTGCCATGCATCACAT-1,5
CTGCCTAGCCACCAAG-1,1
CTGCCTCATATGCAAC-1,5
CTGCGGTAGTCACGTG-1,3
CTGCGTTACGATATAA-1,8
CTGCTGAGGCCACGAA-1,1
CTGCTTTATGTCCGCG-1,9
CTGGAAATGGATGCTT-1,6
CTGGATTTACACTTGA-1,5
CTGGCATCCGAATGAG-1,4
CTGGCGACATAAGTCC-1,8
CTGGCGCACAGGTCTG-1,2
CTGGCTGATTCATCCT-1,2
CTGGGATAAATAATGG-1,2
CTGGGATACGCTACCC-1,7
CTGGGCCTGCTATATC-1,4
CTGGGCTATCCTTTGG-1,3
CTGGGTAGGCAGTTAA-1,2
CTGGTAACACATAGAA-1,2
CTGGTAACGAGCTCTT-1,6
CTGGTCCTAACTTGGC-1,4
CTGGTTCGCGAGCTAC-1,7
CTGGTTTCGAGCAAGA-1,2
CTGTACTTCTTAGCAT-1,5
CTGTAGCCATCTCACT-1,1
CTGTCAAATGGCTCGG-1,6
CTGTCACGCCAGGCGC-1,3
CTGTGCAGGGTAGGTC-1,2
CTGTTACCCAATCTAG-1,5
CTGTTCACTGCCTGTG-1,1
CTGTTCATCTCACGGG-1,4
CTTAACTTCGAAGTAC-1,4
CTTACACGGTATTCCA-1,1
CTTACACTGGGAAATA-1,4
CTTAGCCTTCCACATG-1,8
CTTAGGTCCCAATCGT-1,9
CTTAGTAGGCCTACAG-1,6
CTTCATAGCTCAAGAA-1,4
CTTCATTGTCAGTGGA-1,5
CTTCCGCTCCGTGAAG-1,1
CTTCCTGCATATTTAC-1,3
CTTCGTAGATAGGTGA-1,5
CTTCTATGTTGAAGTA-1,4
CTTCTATTAATGCTAG-1,6
CTTCTTACGTCGTATA-1,1
CTTGACCCGAAAGATA-1,4
CTTGAGTTAGGGTAAT-1,2
CTTGCAACCGCCTCCT-1,4
CTTGCCCAGGCTCTAC-1,5
CTTGTACTTGTTGACT-1,1
CTTGTGCTCACCGATT-1,7
CTTGTTGCTGAGTCAA-1,2
CTTTAACTTTCAAAGG-1,8
CTTTAGGAACACTGTT-1,2
CTTTAGTGCTATTATT-1,5
CTTTGGCAGACAGAGT-1,3
CTTTGGCTTTAGTAAA-1,1
GAAACAGATGACCACC-1,2
GAAACAGCCATGCAGT-1,1
GAAACCATGGTGCGCT-1,9
GAAACCGAATTACCTT-1,5
GAAACTCTAATGAAGG-1,1
GAAAGAACAGCGTTAT-1,7
GAAAGTGACTAACTGC-1,4
GAAATACCTGCTGGCT-1,3
GAAATATCACCATCAG-1,5
GAAATATGCTTGAATG-1,3
GAAATCGCGCGCAACT-1,1
GAAATGGCGGTGTTAG-1,6
GAAATTAGCACGGATA-1,8
GAAATTCACATCGCTG-1,4
GAAATTGTCTCTATAA-1,5
GAACACACATCAACCA-1,1
GAACATTAGTATGTTA-1,3
GAACGACCGAATGATA-1,1
GAACGATAAGTTAAAG-1,9
GAACGTCTCATGGTCG-1,2
GAACTTAGCGCCCGGT-1,3
GAACTTGTGCACGGGA-1,3
GAAGCGTGAGGAATTT-1,6
GAAGCTTGCTGACCGC-1,4
GAAGGCTACCATTGTT-1,9
GAAGTCAGTTGCACTA-1,5
GAAGTCTCCCTAGCGA-1,2
GAAGTGATTTATCGTG-1,5
GAAGTGCTGGATAGCT-1,1
GAAGTTTCCACTCAAT-1,5
GAATAGACGCGACCCA-1,2
GAATAGCATTTAGGGT-1,7
GAATAGCCCTGCGGTC-1,3
GAATAGTGCTCGATTA-1,5
GAATATTCGGAGTCCC-1,3
GAATCGACATGGTCAC-1,1
GAATCTGAACATTCTC-1,5
GAATGAAGGTCTTCAG-1,3
GAATGTATGGCAGGTC-1,8
GAATGTGGTCCGGATT-1,2
GAATGTTGGGTAATCT-1,8
GAATTATAGTGAAAGG-1,2
GAATTCACCCGGGTGT-1,5
GAATTTCTCGCTGCAG-1,4
GACAAACATATGCAGG-1,2
GACAACGACCATTGAA-1,6
GACAACGCAGCTTACG-1,1
GACACAAGGGAAGAAA-1,6
GACACTGAGTTCAGTG-1,5
GACAGCCAGACCTGAC-1,2
GACAGGCACACACTAT-1,5
GACATCGATTTATAAC-1,6
GACCAGAGCCCTGTAG-1,1
GACCCGTCGCCGGCTA-1,4
GACCGACGTGAAAGCA-1,7
GACCGTCAGGTCGTGA-1,3
GACCGTGCTGACGGTG-1,5
GACGCTTGCTTCTAAA-1,1
GACGGTCAATAGAAGC-1,6
GACGGTCCTAGGGTGT-1,7
GACGTGTAGGGATTAT-1,4
GACGTTCGTAAATACA-1,9
GACTAACACAGCACCT-1,3
GACTAAGATCATGCAC-1,1
GACTAAGTAGGCTCAC-1,1
GACTACAATTGCTCGT-1,3
GACTCACCCACGTGAG-1,7
GACTCCCAGAATAAGG-1,9
GACTCGCGGGAATGAC-1,6
GACTCGGTCGGCGGAT-1,3
GACTGATTGGTCACAA-1,3
GACTGCACCAGCCCAG-1,2
GACTGGGCGCCGCAAC-1,3
GAGACCCTGCAACGCC-1,3
GAGACTGATGGGTAGA-1,6
GAGAGGGCGCGAGGTT-1,1
GAGAGGTGCATTCTGG-1,4
GAGATCTGCTTGGCAT-1,1
GAGATCTGTCACTCCG-1,2
GAGATCTTCCATGACA-1,2
GAGATGACAATCCTTA-1,9
GAGCACGGCGCCTCTT-1,7
GAGCCGAGCGTTTATT-1,3
GAGCGAGGGAGTACCG-1,1
GAGCTAAGGGCATATC-1,2
GAGCTGTCGTCTCGGA-1,8
GAGGAATGGAGAGGTT-1,4
GAGGATAAACAGTGCT-1,7
GAGGCATTTGCAGCAG-1,3
GAGGCTATCAAAGTCG-1,4
GAGGGCCATAATATTA-1,9
GAGGGCGCAGCTCTGC-1,6
GAGGTACATCCATCTT-1,1
GAGTACGGGTATACAA-1,4
GAGTATGCCCGCCTTG-1,6
GAGTCAGACCAGAATC-1,1
GAGTCCGCTTACCGGA-1,5
GAGTGCACGGACAACA-1,9
GAGTGTGCGGTACCCA-1,2
GATAAATCGGTGGATG-1,4
GATAACTCGCACTGTG-1,2
GATACCGTGTCGGAGT-1,7
GATACGATGGGAGTCA-1,5
GATAGGATTAATTACA-1,7
GATAGGTAACGTTGAC-1,5
GATAGGTGTCCCGGGC-1,7
GATATCTCATGCAATA-1,4
GATATGAGACACTAAC-1,2
GATATGCGGTAGCCAA-1,8
GATATTGAGATTGGCG-1,2
GATATTTCCTACATGG-1,8
GATCATTCCAAACATT-1,6
GATCCCTTTATACTGC-1,6
GATCCGAATATAAGTG-1,7
GATCCGGGAATTAACA-1,2
GATCCTAAATCGGGAC-1,6
GATCCTCGACACTGGC-1,1
GATCCTCTTGCGCTTA-1,3
GATCGACACTATCTGA-1,1
GATCGCGGGCTCTCCA-1,5
GATCGGTGGCCATAAC-1,6
GATCGTGACTGATATC-1,2
GATCTTGGAGGGCATA-1,2
GATCTTTGCAGGGTAT-1,1
GATCTTTGCTCAAAGA-1,3
GATGACAAGTAGGGCA-1,4
GATGACGATGATCGCG-1,3
GATGCGTCCTGCATTC-1,5
GATGCTACAAGCGCCT-1,1
GATGCTGTATTTCATC-1,2
GATGGTGAAATAACCC-1,3
GATGGTGCCCTAGGCA-1,3
GATGTCGGTCAACTGC-1,1
GATGTGTTGTCACAAG-1,4
GATGTTCAATCCACGA-1,5
GATTACTGAATTTGGG-1,1
GATTCCCTTGTCGCAG-1,8
GATTCCGCGTTTCCGT-1,8
GATTCGACGGTTCACG-1,2
GATTTAGTGCGTACTG-1,3
GCAAACCCTACATTAT-1,2
GCAAATATTACGCTTT-1,1
GCAACAGCAGTATGCG-1,6
GCAACCACCAGACCGG-1,8
GCAACCACGGCCGCGT-1,4
GCAACGGCTAGTTATG-1,7
GCAAGAATTCCTTGGC-1,1
GCAAGATGTGTTCGCG-1,3
GCAAGTGCACAGAGAA-1,4
GCAATTAGTCGCACCG-1,9
GCACAAACGAGGCGTG-1,7
GCACAAGTGTCGGAAG-1,4
GCACGCCTACTTAGAT-1,1
GCAGAAACGTAATCCA-1,3
GCAGACCCAGCACGTA-1,2
GCAGATTAGGGATATC-1,5
GCAGCACACAGCCCAG-1,1
GCAGCCTATATCACAT-1,6
GCAGCTATGGACAGGT-1,3
GCAGGACTATAGAATA-1,1
GCAGGTAGAGTATGGT-1,8
GCATAAATTGAACGCC-1,3
GCATAGAGCACTCAGG-1,5
GCATCCCTAACTTTGA-1,4
GCATGAGGGACGCGGC-1,2
GCATTCAAGGCAACGC-1,6
GCATTGTAATTCATAT-1,5
GCATTTCCAAGGCTCC-1,6
GCCAACCATTTCCGGA-1,9
GCCAATAGGGCATCTC-1,7
GCCACAATTTAAGGAC-1,1
GCCAGGAGTAACCGAT-1,6
GCCAGGCGTTCGCATG-1,3
GCCATATTGCACACAG-1,6
GCCATCGAGCTGCGTG-1,1
GCCATCGATGCTGCAT-1,6
GCCCAGATGCTGGAGA-1,7
GCCCAGTTGGTATGCC-1,4
GCCCGACTTCTTCCCG-1,4
GCCCGCGCGTAAACGG-1,1
GCCCGCGCGTTTGACA-1,4
GCCCGTAATACCTTCT-1,6
GCCGAAATTCCTACGT-1,6
GCCGATTGGCCAAGCT-1,5
GCCGCACTCCGTTTCA-1,7
GCCGCTTGTGAGAAAC-1,1
GCCGGGTTAGGGTCGC-1,5
GCCGTGGAAGAAATGT-1,7
GCCTAGCGATCTGACC-1,4
GCCTATAGTGTCAGGG-1,2
GCCTATGCTGGGCCTT-1,3
GCCTATTCCGATATAG-1,4
GCCTCATCTGGAAATA-1,2
GCCTGCTACACTGAGA-1,3
GCCTTCAGCCCTACCG-1,4
GCGAAACTTAACTGGA-1,2
GCGAAGCCATACCCGT-1,6
GCGACATGTAAACATC-1,6
GCGACCCAACCATCTG-1,4
GCGACGATAGTTGTAC-1,5
GCGAGAGGCCATGTAA-1,9
GCGAGAGTTGCGTCCA-1,6
GCGAGCGCATGCTCCC-1,7
GCGAGGCCCGAGCAGA-1,5
GCGAGTTCTGCAAAGA-1,5
GCGATTCTGGAAGCAG-1,1
GCGATTGTTAACGTTA-1,2
GCGCAAGAGCGCGCTG-1,2
GCGCATCCAGTCAGCA-1,6
GCGCCGTTCCACGATA-1,5
GCGCTAATTGAATAGA-1,2
GCGCTATGCCGAGGCA-1,5
GCGCTGATCCAGACTC-1,8
GCGCTGCTTTGCATTT-1,6
GCGGACCGCGTTGTGG-1,6
GCGGAGAAACTTCGCA-1,1
GCGGAGAGGGAGAACG-1,2
GCGGCTCTGACGTACC-1,1
GCGGGAACCAGGCCCT-1,4
GCGGGCATTACGATGC-1,9
GCGGGCGAGCCTTACC-1,1
GCGGTCCCGGTGAAGG-1,3
GCGGTCCCTAGACGCA-1,5
GCGGTGAACTGCGCTC-1,8
GCGGTTCCCTATCATG-1,5
GCGTAAATGGCCATAA-1,6
GCGTCGAAATGTCGGT-1,1
GCGTCTCTGCATTGGG-1,1
GCGTGGTACTGGGTTA-1,2
GCGTTCGGAGACCGGG-1,8
GCTAAGTAGTTTCTCT-1,2
GCTAATACCGAATGCC-1,1
GCTACGACTTATTGGG-1,2
GCTAGACCGTCTACTG-1,2
GCTAGCACCTGGGCCA-1,7
GCTAGCAGGGAGTGGG-1,3
GCTAGCTTGAATAGCT-1,6
GCTAGTAGAGCTTGTA-1,2
GCTAGTTTCATTGAGG-1,5
GCTCAATCCGTTTATT-1,1
GCTCATTACTGCATGT-1,3
GCTCCCAGTCGGTCCA-1,7
GCTCCGCTCGCTTCAG-1,7
GCTCCTGACATACTGG-1,1
GCTCGCTCATGTCCAA-1,2
GCTCGGAATTTAAAGC-1,6
GCTCTAAACCCTGACG-1,1
GCTCTATGTTACGTGC-1,4
GCTCTCGGGTACCGAA-1,8
GCTGAACTCTCCAGGG-1,7
GCTGAGGCGTGAGTAT-1,5
GCTGCACGGTTTCTTA-1,2
GCTGCTCTCCGGACAC-1,6
GCTGGACCCAAAGTGG-1,3
GCTGGCATATTCACCT-1,4
GCTGGTGACTCGTAGT-1,3
GCTGTATTACTGGCCC-1,1
GCTGTTGCTACCGAAC-1,2
GCTTAATGTAACTAAC-1,2
GCTTACGTAGTTAGTA-1,6
GCTTAGGGAAGCGGTA-1,3
GCTTATGAAGCAGGAA-1,2
GCTTCAGTGGGATTAC-1,3
GCTTCCGTCCCTAGAC-1,2
GCTTGATGATAATCAG-1,4
GCTTGCAGCACAATTG-1,3
GCTTGGATCGATTAGG-1,6
GCTTTCAGAGGAGGTG-1,2
GGAAACCTTGTTGAAT-1,9
GGAAAGTGCCCATGCC-1,8
GGAACCGTGTAAATTG-1,5
GGAAGATAAGACTGTA-1,3
GGAAGCTCGCTTACAG-1,3
GGAATGCGCTAGCGTG-1,2
GGACCTACGGTAACGT-1,3
GGACCTCTAGGCCGCC-1,5
GGACGGCTTGCGCAAC-1,3
GGACGTCCATAGTTGG-1,3
GGAGAAGTCATTGGCA-1,4
GGAGACCAATGTGCTT-1,3
GGAGACGACACCTTTG-1,5
GGAGCACCAAGAACTA-1,6
GGAGGATTGAAAGGAG-1,4
GGAGGCCGAAGTCGTC-1,7
GGAGGGCTTGGTTGGC-1,2
GGAGTGCCGCCCTGGA-1,1
GGATCATCCCGTACGC-1,8
GGATCCGGAATATACT-1,2
GGATGAAGATCGCTGA-1,2
GGATGACGCGAGTTTA-1,5
GGATGTCCTTACCGCA-1,2
GGATTAAGCTAAGGTC-1,3
GGATTCCGCTATACCC-1,8
GGATTTCACTTCTATA-1,2
GGCAAAGGCGCCAATA-1,1
GGCAAATTACTTTACT-1,5
GGCAAGCCAGGGATAG-1,3
GGCAAGGCGAAATAGC-1,5
GGCAATAGTCAATGAG-1,6
GGCACTCCACTGGGCA-1,6
GGCAGCGGTAATCCTA-1,3
GGCATACAGGTAGCGG-1,4
GGCATATCGGTTCTGC-1,8
GGCCCAATCTAGAGGG-1,3
GGCCCAGTTATCAGCA-1,3
GGCCCGGAGCATGTCT-1,7
GGCCCGTATACCATGC-1,9
GGCCCTCACCCACTTA-1,5
GGCGAAATCTAACTTG-1,2
GGCGAACCGTTCTGAT-1,3
GGCGCAGGACATCTTC-1,4
GGCGCATGAATTGATG-1,5
GGCGCGTTCGAGTTTA-1,5
GGCGGAGTAATATTAG-1,1
GGCGGTAGGATCATTG-1,6
GGCGTCCTATCCGCTG-1,4
GGCTAAAGGGCGGGTC-1,8
GGCTAATGATTGAAAT-1,3
GGCTATTAAGTTGTAT-1,1
GGCTCCTCCACCTGTT-1,4
GGCTCGCGTTGAGGTA-1,2
GGCTCGTGCCACCAGC-1,4
GGCTCTGCTCCAACGC-1,6
GGCTGAGCATCGTAAG-1,3
GGGAACGGGAGGTTAG-1,1
GGGAATGAGCCCTCAC-1,3
GGGACTGCATAGATAG-1,6
GGGAGAACTCACAGTA-1,6
GGGAGGATGCCCGAAA-1,5
GGGAGTTAATGAGGCG-1,2
GGGATCCCAATACAAA-1,3
GGGATGGTCGTAACCG-1,5
GGGATTTACCGCACCT-1,2
GGGCCCGTCTTAAACA-1,5
GGGCCGGCCGAAGTAC-1,2
GGGCCTATTTAAGTAT-1,3
GGGCGATATGTGTGAA-1,6
GGGCGCAGCGTTACTC-1,5
GGGCGGCAAATGAATT-1,5
GGGCGGGTTCCCTACG-1,1
GGGCGTACATTTATAT-1,1
GGGCGTCACCACGTAA-1,5
GGGCGTCCACTGGCTC-1,8
GGGCTCATCGAACCCA-1,6
GGGCTGCCTAGGGCGA-1,2
GGGCTGGTTAGTCGCG-1,6
GGGTACTTCATGAACT-1,1
GGGTATGTATGCACTT-1,4
GGGTCACCGTGACGGT-1,6
GGGTCGTGGCAAGTGT-1,9
GGGTGACACCTTAACT-1,5
GGGTGCATATGAAAGC-1,6
GGGTGGTCCAGCCTGT-1,4
GGGTGTTTCAGCTATG-1,1
GGGTTAACATTTGAGT-1,1
GGGTTTAGGATAGGAT-1,7
GGTAAATGTGCGTTAC-1,1
GGTACAAACATGCTAT-1,5
GGTACACCAGATTTAT-1,9
GGTACCATTAAGACGG-1,6
GGTAGACCGTTGGGCG-1,6
GGTAGTGCTCGCACCA-1,2
GGTATAGTGACACATA-1,6
GGTATTGCCGAGTTTA-1,5
GGTCAGTGGGTCCCAC-1,5
GGTCATTGTAGTCATA-1,3
GGTCGGATAAACGGCG-1,8
GGTCGGCCAGGAGCTT-1,2
GGTCGGTCGTCCACAG-1,1
GGTCTCTGAATGGACT-1,1
GGTCTGAGAATCTGGA-1,2
GGTGAAGTACAGGGAT-1,1
GGTGATAAGGAGCAGT-1,2
GGTGCAGAGCCTATCG-1,3
GGTGCGGATAAGTGGC-1,4
GGTGCTGGTACACATT-1,5
GGTGGACCACGTGTTA-1,3
GGTGGAGGTTGATACG-1,7
GGTGTTCTGTTTCTAC-1,3
GGTTACCACCCTCGGG-1,1
GGTTACCCGACACTTT-1,5
GGTTAGCTATATGTCT-1,2
GGTTAGGCTTGGAGAA-1,4
GGTTCCCTAGTGTCTC-1,3
GGTTCTACTCGTCTGA-1,7
GGTTTAATTGAGCAGG-1,9
GGTTTACAATCTCAAT-1,6
GGTTTAGCCTTTCTTG-1,2
GGTTTCAATCGGTCAG-1,2
GGTTTGACAAGAAGCT-1,3
GGTTTGCGAACACGTA-1,3
GTAACAACTGACCTTG-1,3
GTAAGCGGGCAGTCAG-1,8
GTAAGGATTTGTCGGA-1,1
GTAAGTAACAGTCTGG-1,2
GTAAGTAGGGTATACC-1,4
GTAAGTCCACACTCTA-1,7
GTAATAAAGGGCTCCC-1,6
GTAATCTGATTCTTCG-1,6
GTACACTTACCTGAAG-1,2
GTACAGAGGCAAGGGT-1,2
GTACGAGATTGCGACA-1,1
GTACGCTTCATTGCAC-1,7
GTACGTCACGTATTAA-1,3
GTACGTTTGCCCGTCA-1,5
GTACTAAGATTTGGAG-1,6
GTACTCCCTTATCGCT-1,4
GTACTCCTGGGTATGC-1,6
GTACTGGAGTTAGACC-1,2
GTAGAGGGAGACAAGT-1,1
GTAGCGGCTATACACT-1,2
GTAGCTTCCTCTTGTT-1,2
GTAGGTGATCCGTGTA-1,8
GTATAGGACTCAGTAG-1,1
GTATAGTGGCCCATGT-1,5
GTATCAGCTTGGGTTC-1,5
GTATCTTTCATAACCA-1,5
GTATGTGGGTCTAGTT-1,2
GTATTAGGGTTCGCGT-1,3
GTATTCTGAGAAACGA-1,1
GTCAAGCGGACTCGGG-1,2
GTCAATGCTATAATTT-1,3
GTCACAAAGTTTCCAA-1,4
GTCACTCTCCAAATCT-1,4
GTCAGAATAGTCTATG-1,4
GTCAGTTGTGCTCGTT-1,4
GTCATGCACCTCCGTT-1,6
GTCATGGACATGACTA-1,8
GTCATTAGAGCGAACG-1,2
GTCCATTACTGCTACG-1,7
GTCCCAACGTAAAGTA-1,2
GTCCGGCTGAATTGCG-1,5
GTCCTTCTAGTGGGTT-1,3
GTCCTTTAATGACTTC-1,3
GTCGCCGTTGTGTGTT-1,1
GTCGCGTAACCCGTTG-1,2
GTCGGAAGGATACCAG-1,3
GTCGGATATCTCAGAC-1,1
GTCGGATGTAGCGCGC-1,8
GTCGTACCATCTCGGG-1,5
GTCGTATTGGCGTACA-1,8
GTCGTCTGGTTGGCTA-1,9
GTCGTGTCTGGTCATC-1,6
GTCGTTATTCGCTTAT-1,2
GTCTATCTGAGTTTCT-1,6
GTCTCGACTAAGTTTG-1,9
GTCTCGATCTGCTTTC-1,8
GTCTGGGCGGTCGAGA-1,5
GTCTTAGTACAGCCGG-1,1
GTCTTGAGGAGCAGTG-1,7
GTCTTGTAGCTATTCA-1,7
GTGAAACGGCGCCACC-1,6
GTGAACTCCCATTCGA-1,6
GTGAAGATTTCAAGTG-1,9
GTGAAGCCGTATAGTC-1,9
GTGACCGCACACTACG-1,2
GTGACCTAAAGAATAA-1,9
GTGACGAGGGTGACCC-1,6
GTGACTTCAGTAGTGC-1,5
GTGAGCGTGCTGCACT-1,4
GTGAGGACACTTAAGG-1,2
GTGAGGAGCGGTTGAG-1,3
GTGAGTGGTACAACGC-1,5
GTGATCACTAACGCCT-1,2
GTGATCATAGATCTGC-1,5
GTGATGCACAACATCT-1,3
GTGATTCGCCGCTCAA-1,1
GTGCAACAAATGTGGC-1,1
GTGCACGAAAGTGACT-1,1
GTGCCATCACACGGTG-1,1
GTGCCCGTTCGGATTC-1,2
GTGCCGCTTCAAAGGT-1,5
GTGCCTCAGTGTACGG-1,3
GTGCGAAATCGAACAC-1,5
GTGCGACAGGGAGTGT-1,2
GTGCGGGTCTCCAAAT-1,1
GTGCGTGTATATGAGC-1,2
GTGCTCAAGTACTGTC-1,5
GTGCTTACATCAGCGC-1,7
GTGGAACCTACATGCG-1,8
GTGGACCAACCCGATT-1,4
GTGGACGTGCTGAGAC-1,4
GTGGAGCATGTCGGCC-1,7
GTGGAGTCGGCGGTTG-1,1
GTGGGCTTAGACACAC-1,5
GTGGTATAGTCTGCCG-1,1
GTGGTCAGCGAAGTAT-1,3
GTGGTGGCCAAGTGAA-1,2
GTGGTTACTTCTTTCG-1,6
GTGGTTTCCGCCTTTC-1,1
GTGTACCTTGGCTACG-1,6
GTGTACGAACCGTTCC-1,7
GTGTCCGATAAGGCAT-1,5
GTGTCGTATTCACCTT-1,3
GTGTGAATAACTTAGG-1,2
GTGTTACTATGCGTCC-1,2
GTTAACTATGTTGTCA-1,7
GTTAAGTTAGAGTGGG-1,7
GTTACAATTGGTGACG-1,1
GTTACCTACAACTTGC-1,5
GTTACTTTGGGCCTAG-1,5
GTTAGAGTGTGCCGCT-1,4
GTTAGCCGTAAATCAA-1,6
GTTATATCAGGAGCCA-1,9
GTTATATTATCTCCCT-1,5
GTTATTAAATACGACC-1,5
GTTCAATCTATGTCAA-1,3
GTTCACAGGAGTCTAG-1,4
GTTCATCGTTTGGCTG-1,6
GTTCCAGTCTGACCAT-1,1
GTTCGCCATAAGTGCC-1,5
GTTCGGATCGGGAACA-1,7
GTTCGGGCGTACCATT-1,6
GTTCGTCTGGGTCCCT-1,3
GTTCTTCCCTCGATGT-1,4
GTTGAACCGGTTCCAT-1,1
GTTGCACGGAGTTTCG-1,1
GTTGCGCTAACATTAC-1,7
GTTGGACCGCATCAGG-1,3
GTTGGATTCAGTGGCT-1,3
GTTGGATTGAGAACAC-1,2
GTTGGATTTGCGTTGG-1,5
GTTGTCGTGTTAGTTG-1,4
GTTGTTACATTGCGCT-1,3
GTTTACGTTCCATCTG-1,5
GTTTCATATCGTCGCT-1,4
GTTTCCTGGAGGGTGA-1,1
GTTTCTGCAGTCTCCC-1,2
GTTTGACCAAATCCTA-1,6
GTTTGGCCCAAGTTAT-1,2
TAAACCCAGGAGGGCA-1,1
TAAAGACAACCCTTTA-1,7
TAAAGCGTTAGGAGAA-1,7
TAAAGCTGCAATAGGG-1,8
TAAATCTTTACACCTC-1,9
TAAATGCCGTCTCATG-1,3
TAACAAAGGGAGAAGC-1,4
TAACATACAATGTGGG-1,2
TAACCTACCGTCCGAG-1,6
TAACGCTTTGAGAGCG-1,4
TAACTATCGAAGGTCC-1,4
TAACTATTACGCCAAA-1,6
TAACTCATCCGCGCGG-1,5
TAAGCCCTTACGACCA-1,3
TAAGGAACTTGTGGGA-1,4
TAAGGCAACATAAGAT-1,6
TAAGGCATAACATCAA-1,1
TAAGGCTGAATCCCTC-1,2
TAAGTAAATGTGCCGC-1,3
TAAGTAACATCTTGAC-1,1
TAAGTCGCCGAGTATC-1,1
TAATAAACAAGGAGAT-1,8
TAATACACAGTAGTAT-1,1
TAATAGAACAGAGTTA-1,1
TAATAGCTAAATGATG-1,9
TAATAGTGACGACCAG-1,7
TAATATTGAAATTCGC-1,4
TAATCGATCCGTACGT-1,6
TAATTAGGACATCCGT-1,7
TAATTGGAATCGGGAA-1,3
TACAACGCACAACTCA-1,5
TACAAGTCTCGTGCAT-1,4
TACACCGTCGTTAGTC-1,9
TACATAGGCATACACC-1,5
TACATTTCTAACGTGC-1,5
TACCAGAAGTAGGTTC-1,5
TACCAGCTAGGTTTAA-1,4
TACCGCGGACTTGCAG-1,2
TACCGGCTCACTGCCC-1,5
TACCGGTCGTTTCCAT-1,1
TACCTCACGCTTGTAC-1,1
TACCTTAAGATTTCCC-1,4
TACGAACACGACTTCA-1,6
TACGACGCTTGCTGCG-1,5
TACGACTGCCTCTTAG-1,5
TACGAGAACTTCACGT-1,1
TACGATGTTGATCATC-1,1
TACGCAGTTCTTTCCT-1,5
TACGCCATATTCTAAT-1,5
TACGCCGAGGGTACCC-1,1
TACGCTATAGAAACCT-1,6
TACGGGATGCTAGCAG-1,8
TACGTGCAAGGTTCCT-1,5
TACGTGCACTATGCTG-1,4
TACGTTTACCGGCAAT-1,1
TACTATGGTTCCTCAG-1,1
TACTCTCCGAACAAAT-1,8
TACTCTTTCGTCTTCA-1,4
TACTGAACAGATTTAG-1,1
TACTGCAATCAATTAC-1,9
TACTGGACAGCTCGGC-1,4
TACTTGTTAGTAGTCC-1,2
TACTTTACTGAGCCGG-1,6
TAGAAACCACTAAGTA-1,4
TAGAAAGGTGGCGCTA-1,2
TAGAATTAAGGGCAAC-1,1
TAGACGCCCGTACCGG-1,2
TAGACTACCTAGCGTT-1,6
TAGAGATCATGCAACT-1,4
TAGAGCTACGAAGAAC-1,4
TAGAGTCTAAGCGAAC-1,6
TAGATATGGACTGGAA-1,5
TAGATCCGAAGTCGCA-1,1
TAGCCATTTCAAAGTC-1,2
TAGCCGGCGGTCAGCG-1,2
TAGCGTCCCTCGATTG-1,7
TAGCGTTGGGTCTTAC-1,2
TAGCTAAGTCCGGGAG-1,6
TAGCTAGAAGGCATGA-1,5
TAGCTCAGATCCTAGT-1,3
TAGCTCGCCTGATAAC-1,5
TAGGAACAGCCTCCAG-1,3
TAGGCATGTTACGCCA-1,6
TAGGGAGCTTGGGATG-1,2
TAGGGTGTTTCAAGAG-1,1
TAGGTCGCCGGAACTG-1,7
TAGGTGAGCCCTACTC-1,4
TAGGTGCTCGCCTAGC-1,2
TAGGTTCGAGTTCGTC-1,2
TAGTCCGCAGAGAATG-1,5
TAGTCGATCACGGGTT-1,2
TAGTCTAACAACGAGA-1,1
TAGTCTGTGACGTTGC-1,9
TAGTGCCCTCCAGAGT-1,6
TAGTGGAACTCATACA-1,4
TAGTTAAGATAGGATA-1,3
TAGTTTATTCTTGCTT-1,4
TATAAATCCACAAGCT-1,4
TATAAGTGAGGATAGC-1,4
TATACACAGACGCCTT-1,5
TATACACGCAAAGTAT-1,5
TATAGATGGTCGCAGT-1,2
TATATCCCTGGGAGGA-1,2
TATATTACAAATGTCG-1,3
TATATTCGCGTCGATA-1,4
TATCACCATGTAAAGT-1,3
TATCACCCAACCGACC-1,7
TATCACTTCGAGTAAC-1,8
TATCCATATCATGCGA-1,1
TATCCTGCATGGGAAT-1,4
TATCGATCTATGCATA-1,6
TATCGATGATTAAACG-1,1
TATCTACCACAGCGGG-1,5
TATGATAAATCTAACG-1,4
TATGATCCGGCACGCC-1,9
TATGCTCCCTACTTAC-1,8
TATGGATGTGCTACGC-1,5
TATGGCCCGGCCTCGC-1,4
TATGGCTAGGCTAATT-1,9
TATGGGACCGAGCAGG-1,5
TATGGGTACGTATCGT-1,6
TATGGTCTGAGTAACA-1,5
TATGGTTAGTGGGAGA-1,6
TATGTCAAGACCGACT-1,8
TATGTCTCATTGTGCC-1,2
TATTAACCTGACCGCG-1,1
TATTACCATCCTGCTT-1,2
TATTCAATTCTAATCC-1,2
TATTCCACTCAGCTCG-1,5
TATTCCTCCGCCCACT-1,1
TATTCGTGCCAGAATA-1,2
TATTGACATTTCTGCC-1,7
TATTTAGTCTAGATCG-1,1
TATTTATACCGAGTAG-1,8
TATTTGTTACCCTTTA-1,1
TCAAACAACCGCGTCG-1,8
TCAAACTTAGATTGTT-1,6
TCAACAAAGATAATTC-1,4
TCAACATAGCGCCCTA-1,1
TCAACCATGTTCGGGC-1,1
TCAACGAGGAGACAAA-1,5
TCAACGCAGGAAATAA-1,1
TCAACGCGACCGGCAG-1,4
TCAAGAAATACTAGCT-1,6
TCAAGCTGCCTTGAAA-1,9
TCAAGGTTACTACACC-1,2
TCACAGCAAACTCGAA-1,6
TCACAGGAGAATAAGA-1,1
TCACAGGGAATCGCAA-1,2
TCACAGGTTATTGGGC-1,6
TCACCCTCTTAAGATT-1,5
TCACCGCTCGGCACTC-1,2
TCACGATGTCCGTGGA-1,4
TCACGCATTGTAGATC-1,6
TCACGGTCATCGCACA-1,1
TCACGTGCCCGATTCA-1,5
TCACTACGACCAATGC-1,3
TCACTCGTGCAACGGC-1,8
TCAGAACCTCCACAGG-1,6
TCAGACGCTATAGAAG-1,7
TCAGATGGAGACGTAG-1,3
TCAGCAAATGCATCTC-1,2
TCAGGGTGCACGAAAC-1,3
TCAGGGTGTAACGTAA-1,6
TCAGGTTCTTTGAGAA-1,1
TCAGTACTGACCCGCG-1,4
TCAGTAGGGACTATAA-1,5
TCAGTGTATACGTCAT-1,4
TCATCCCAGAGGGTGG-1,1
TCATCGATGGTCCCAA-1,4
TCATGCAGGTTCTCAT-1,8
TCATTCGTATAATTTG-1,3
TCATTTAAGTCTCCGA-1,2
TCCAACTTTAAATTCT-1,1
TCCACAATGGTTTACG-1,4
TCCACTTTATCTAGGT-1,2
TCCAGAGCACCGGTTC-1,2
TCCAGATGTACGCCAA-1,9
TCCAGGCGAGTACGGT-1,6
TCCATTCCCACTAGAG-1,3
TCCATTGTGACCTCGT-1,1
TCCCAAACAGACAACG-1,9
TCCCAAAGACGAAGGA-1,8
TCCCAAAGCCCTAAAT-1,7
TCCCACTCTCTTCCGG-1,6
TCCCAGCTTTAGTCTG-1,5
TCCCAGGCTTAGCTAA-1,1
TCCCGCCTATGTGCGT-1,5
TCCCGCGTACTCCTGG-1,6
TCCCGGGTGTGCTGCT-1,4
TCCCGTCAGTCCCGCA-1,6
TCCCGTCGCGTCATAG-1,9
TCCCGTGTGCAATTTG-1,2
TCCCTAGATCAATAGG-1,9
TCCCTGGCTCGCTGGA-1,4
TCCCTTAGATTACTCG-1,8
TCCGAAGTAGTCACCA-1,3
TCCGAATGGTCCTGAG-1,6
TCCGATAATTGCCATA-1,1
TCCGATGACTGAGCTC-1,8
TCCGATGGTGCGACAT-1,1
TCCGATTACATTGCCG-1,4
TCCGCGGCAGCATCTG-1,2
TCCGCTGTCATCCCGG-1,2
TCCGCTTATCCCATTA-1,5
TCCGGAGGAAGGGCTG-1,3
TCCGGCCTAGCGTACA-1,6
TCCGGTTCGTCCGGTC-1,5
TCCGTTTAGCCTTGAA-1,2
TCCTACATCCACGGCC-1,2
TCCTAGCAAAGAAGCT-1,1
TCCTCGGGCTGGGCTT-1,2
TCCTCTACGAGATGGC-1,4
TCCTCTGGCCCATTAG-1,3
TCCTGCCAACTGGAGA-1,3
TCCTGCGTTGATACTC-1,4
TCCTGGCGCTGCCTGG-1,3
TCCTTCAGTGGTCGAA-1,1
TCCTTTCTTACGCTTA-1,6
TCGAAATTTAGGACCA-1,1
TCGAAGAACCGAGCAC-1,2
TCGAATATCCCGCAGG-1,4
TCGAGACCAACACCGT-1,5
TCGAGCCAGGCAGGCC-1,1
TCGCAAAGATGCATTT-1,7
TCGCCCAACTGACTCC-1,3
TCGCCGAAGTTGCGTC-1,1
TCGCCGGTCGATCCGT-1,1
TCGCGTCCAGAAGGTC-1,4
TCGCTAAACCGCTATC-1,8
TCGCTCGATATATTCC-1,6
TCGCTCGGCACCAGCG-1,9
TCGCTGGGCGGATTGT-1,6
TCGCTGTGCGTAAATC-1,4
TCGCTTAATTACGAAG-1,3
TCGCTTTAAACGTTTG-1,6
TCGGAATGACCATCAA-1,4
TCGGAATGCGCTCTGA-1,4
TCGGACGCCCAGCCCA-1,2
TCGGAGAGTATCGGGA-1,4
TCGGAGTACATGAGTA-1,2
TCGGCTAACTTCCCTT-1,5
TCGGGAACGTGCCTAG-1,6
TCGGGCCGTCGTGGTA-1,2
TCGGGTGAAACTGCTA-1,4
TCGGTCCCTGACTCCA-1,3
TCGGTGACCGCTCCGG-1,3
TCGGTTAGCCATGTAG-1,3
TCGTAAGACGACATTG-1,6
TCGTAAGCTCCGAGGA-1,3
TCGTATAGTGCAATTA-1,4
TCGTATTACCCATTGC-1,4
TCGTATTTCGTCCGGA-1,4
TCGTCAAGTACGCGCA-1,1
TCGTCCGCTGGCGTCT-1,4
TCGTCCGGGTACACTC-1,3
TCGTGTACTATGGATG-1,6
TCGTGTCACGCTGACA-1,4
TCGTTAGGAGTCCCTA-1,6
TCGTTCGTTATTATGT-1,4
TCGTTGCTATCCGGTC-1,1
TCTACACGTTCATGCA-1,3
TCTACCGTCCACAAGC-1,6
TCTACGGGCTCAGTTG-1,3
TCTAGCAATCTCCGCC-1,1
TCTAGCATCTTCGATG-1,4
TCTAGCATGCCCAGAA-1,6
TCTAGGTGGCGACGCT-1,6
TCTAGTGATATCGTGG-1,2
TCTAGTTATCAGAAGA-1,5
TCTATCATGCAGTTAC-1,4
TCTATCGGTCGCAACA-1,8
TCTCCAACGTAGGTTA-1,8
TCTCGAACGAGGTCAC-1,3
TCTCGACGTATCGCCG-1,7
TCTCTAATAGCTGGTA-1,1
TCTGAACCGGTCGGCT-1,4
TCTGAACTCGTACCCG-1,2
TCTGAATTCCGTACAA-1,2
TCTGACGGGCTAACCC-1,9
TCTGATCGGGTGCTAG-1,6
TCTGATTGGAAATGGA-1,7
TCTGCACCATTAGTAA-1,9
TCTGCCAGAAACTGCA-1,2
TCTGCGAATCGTTCGC-1,3
TCTGGAGCGTAAGAGT-1,7
TCTGGCCGTTCAAGTT-1,7
TCTGGGAACCTTTGAA-1,2
TCTGGGTAGCGCTCAT-1,1
TCTGTGATGGAGGTTG-1,3
TCTGTGCCATCATAGT-1,2
TCTGTTACCCAGCATA-1,1
TCTTACAGAGGTACCG-1,4
TCTTACCGGAACTCGT-1,6
TCTTACGGCATCCGAC-1,4
TCTTACTTATGCCTCT-1,2
TCTTAGAGCTCCAATT-1,7
TCTTAGAGTGAACTCT-1,2
TCTTCCCATGGGCACA-1,2
TCTTCGAATAGACGTT-1,2
TCTTCGATACCAATAA-1,6
TCTTCTATAACCCGCC-1,7
TCTTGATGCGTAGCGA-1,6
TCTTGGTAACACCAAA-1,8
TCTTTAAGACTATGAA-1,6
TCTTTAGCAGGCGAAC-1,6
TCTTTCTCTTAAGGAG-1,4
TGAAACTTATGCAAGC-1,1
TGAAAGGACCTGACTC-1,2
TGAATATGCTATAAAC-1,3
TGAATGAGATACAGCA-1,3
TGACAACGCATGTCGC-1,7
TGACACTTCTCTTTGC-1,3
TGACATCGAGCGGACC-1,7
TGACCAGCTTCAAAGT-1,3
TGACCCACGTTAGACA-1,6
TGACGAATATTTCCCT-1,5
TGACGATGCACTAGAA-1,2
TGACTATAATCCTTTC-1,5
TGAGAATGCTTTACCG-1,1
TGAGAGATTTACCACG-1,2
TGAGATCAAATACTCA-1,4
TGAGATTAGGCCCTAA-1,8
TGAGCCATACAGTCTC-1,1
TGAGCTTTAATGACGC-1,8
TGAGTAAATTAGCGTA-1,5
TGAGTGCCTCTTAAAT-1,6
TGAGTGGTCCGTGACG-1,2
TGATACATTTAGCCGT-1,1
TGATCAGGGAACTGCT-1,4
TGATCCCAGCATTAGT-1,7
TGATCGGTTTGACCCT-1,6
TGATCTACGCTGATCT-1,3
TGATCTCCGGCGCCAG-1,1
TGATGGCTGTTTCTGA-1,7
TGATTATGGCACGCAG-1,3
TGATTCGTCTATCACT-1,1
TGATTCTGTCGCCGGT-1,5
TGATTTATTAGCTGTG-1,1
TGCAAGAATGACGTAA-1,6
TGCAATTTGGGCACGG-1,3
TGCACAGTGAAGTTAT-1,3
TGCACGAGTCGGCAGC-1,4
TGCAGAACTATATCGT-1,5
TGCAGAGTACCGAGCA-1,5
TGCAGGATCGGCAAAG-1,6
TGCAGTGAGGCTCGGG-1,3
TGCAGTTTCCTCCCAT-1,2
TGCATATGTCTGTCAC-1,2
TGCATGGATCGGATCT-1,8
TGCATGTGGTAATCTA-1,2
TGCCAATGGGTACTCT-1,1
TGCCACCTGGCGAAAC-1,8
TGCCATGGCTTATAAG-1,5
TGCCATTACTAAAGAA-1,6
TGCCCGTACCGTTAAA-1,2
TGCCGAAAGCGTATTC-1,5
TGCCTAAATTTAATAG-1,7
TGCCTGATCAAACGAT-1,8
TGCGACACCCTAGTGC-1,5
TGCGAGAATATTACCC-1,1
TGCGAGATGGCGGCCA-1,3
TGCGAGCCCTTCCGCG-1,3
TGCGCAAAGCATTTGG-1,6
TGCGCCGTTAATAACG-1,7
TGCGCGATTAACGGAG-1,1
TGCGGAGTAAAGGTGC-1,8
TGCGGCATAGTTCAAC-1,4
TGCGGTGAAATTTCAT-1,1
TGCGTAAGAACCTGAT-1,5
TGCGTTTGTTGACACT-1,2
TGCTCCACAGTTCTTA-1,2
TGCTCTGCCGGTTCAC-1,9
TGCTGCGTCAGAGTTA-1,3
TGCTGGTTGGACAATT-1,4
TGCTGTTGAAGAACTC-1,2
TGGAACCACTGACACA-1,9
TGGAAGAAGGGAACGT-1,1
TGGAAGACGAACACCA-1,4
TGGAAGGATAAAGATG-1,8
TGGAATATCCTTGACC-1,9
TGGACTGTTCGCTCAA-1,2
TGGAGCTAAAGTTCCC-1,4
TGGAGGGAAACACCTC-1,9
TGGAGTGATGCGATGA-1,1
TGGCAACTCGCGCGCC-1,6
TGGCACGAGCTCGAGT-1,3
TGGCAGATTACGATCA-1,5
TGGCAGCAGTAATAGT-1,5
TGGCCAAACTGAAGTA-1,6
TGGCCGTATATTGACC-1,4
TGGCGACTGCTCCAAA-1,1
TGGCGATCAAGTTATG-1,5
TGGCTTGTACAAGCTT-1,3
TGGCTTTGGGTAGACA-1,1
TGGGATGCACTCATTC-1,3
TGGGCAATAGTTGGGT-1,6
TGGGCACGTTCTATGG-1,1
TGGGCCACAAGAGCGC-1,8
TGGGCCCATACTAATT-1,2
TGGGTAAGGTTCCCGC-1,3
TGGGTGGGATGTCATT-1,3
TGGTAGAATATATGGG-1,2
TGGTATCGCATCCCAA-1,4
TGGTATCGGTCTGTAT-1,4
TGGTCTGTTGGGCGTA-1,4
TGGTTAAGGGCGCTGG-1,9
TGGTTCGTAGCAAAGG-1,1
TGGTTGGAGGATCCTG-1,3
TGGTTTAAACGTGGGT-1,9
TGTACGAACAAATCCG-1,5
TGTACTACTCTCACGG-1,3
TGTAGGAGAAATTTCC-1,2
TGTAGTGATCTATAAT-1,4
TGTATAACAGATCCTG-1,2
TGTATACGGATGATGA-1,9
TGTATCAGACTGAAGC-1,3
TGTATCCTTATTCCAT-1,5
TGTATGGCGCAGACAG-1,2
TGTATTTACCTAATGC-1,3
TGTCATTTGTTGGGAA-1,9
TGTCCCGACATAGCAC-1,4
TGTCCTAAGTCACCGC-1,4
TGTCTACAGTTTCTGT-1,4
TGTGACTACGCCAGTC-1,8
TGTGGCAAAGCGTATG-1,2
TGTGGCTCCCACCAAC-1,7
TGTGTCGCGAGTTGCA-1,4
TGTTATTGTATGTGGC-1,2
TGTTCCGCTTCCATGA-1,5
TGTTCGTATTGCGGTG-1,5
TGTTCTCTACTCCCTA-1,3
TGTTCTTCCATTGACT-1,1
TGTTGTCAAGAAGTCT-1,6
TGTTTAATACTTCATC-1,1
TGTTTCGGTACTTCTC-1,1
TTAAACTCGAATTCAT-1,6
TTAACCAACCCTCCCT-1,1
TTAACGAACAAGCAGT-1,9
TTAACGTCGCAAGACC-1,4
TTAACTTCAGGTAGGA-1,4
TTAAGACGAACGAACC-1,3
TTAAGATAGGATTGAC-1,2
TTAAGCCGACAACTTC-1,1
TTAAGCGCCTGACCCA-1,1
TTAATCAGTACGTCAG-1,8
TTAATGCGAGGTAACT-1,5
TTAATGTAGACCAGGT-1,6
TTAATTTCAGACGCGG-1,1
TTACAACTACGCATCC-1,1
TTACAGACCTAAATGA-1,6
TTACATCGTGGCCTGG-1,4
TTACATGCCACAACTA-1,2
TTACCATTGATTACCC-1,4
TTACCCATTGCCGGGT-1,8
TTACGGATGGTTCGAG-1,2
TTACTAAAGGACTTTA-1,2
TTACTCCGGCCGGGAA-1,2
TTACTCTGGTACGTAC-1,1
TTACTGGGATATTTCA-1,5
TTACTGTCTAGAGCTC-1,3
TTAGACACGATCGTTG-1,8
TTAGACGAGTCACCTC-1,2
TTAGAGTTTAGAAGGA-1,2
TTAGCTAATACGATCT-1,8
TTAGCTGATTTGCCGT-1,2
TTAGGTCATAACCGAC-1,1
TTAGTAGGGCGGCGGG-1,4
TTAGTTATTCGTGGCA-1,2
TTAGTTCAAGTGTTCG-1,9
TTATAGTCCAAGGTGC-1,3
TTATATACGCTGTCAC-1,2
TTATATTTGGCAATCC-1,8
TTATCTGTATCATAAC-1,1
TTATGAATGAAAGGGA-1,5
TTATGACAAACTGGAT-1,4
TTATGATCTTAACGAA-1,2
TTATTAGAGCGTGTTC-1,7
TTATTAGGGAAGCATC-1,1
TTCAAAGTCTCTAGCC-1,2
TTCAACGACCCGACCG-1,1
TTCAAGCCGAGCTGAG-1,1
TTCAATACTCTGAATC-1,2
TTCAATTAGCCATAAT-1,1
TTCACGAAAGGATCAC-1,5
TTCAGCCCTGGTCCAC-1,2
TTCATGGCGCAACAGG-1,8
TTCCAATCAGAGCTAG-1,6
TTCCAATCTGGCTATC-1,5
TTCCACACAGATTTGA-1,6
TTCCAGACGAGATTTA-1,7
TTCCATCATGCGGTGA-1,3
TTCCGCAGAGAAATAT-1,9
TTCCGCGTGAGGCGAT-1,5
TTCCGGCCTTGAGGCT-1,1
TTCCGGCTCGACTTCT-1,3
TTCCGGTATCTGTGTC-1,7
TTCCGGTTACCCACTT-1,2
TTCCTCGAGGGTGTCT-1,1
TTCGACGGGAAGGGCG-1,1
TTCGAGCCGGCGCTAC-1,3
TTCGCACTCGCGTGCT-1,1
TTCGCTAGGAAGTTGT-1,7
TTCGCTATCTGACGTG-1,8
TTCGGACTGATGCCTT-1,3
TTCGGCAACCCGCTGA-1,8
TTCGGGACTAATCGCG-1,2
TTCGGGCGCTAGTCTT-1,1
TTCGTAATCCCAGCGG-1,3
TTCGTACTCCAGAACG-1,4
TTCGTTCAACGAAGTT-1,9
TTCTAACCGAAGCTTA-1,2
TTCTACCTTTATGTTG-1,4
TTCTACTTGCGAGGGC-1,4
TTCTAGGCCAATTGTG-1,4
TTCTATGCCTTTCGCA-1,9
TTCTGCCGCGCCTAGA-1,7
TTCTGCGGGTTAGCGG-1,2
TTCTGCTAGACTCCAA-1,6
TTCTTAGTGAACGGTG-1,5
TTCTTAGTGGCTCAGA-1,1
TTCTTGAGCCGCGCTA-1,1
TTCTTGCTAGCATCTC-1,7
TTCTTGGACGATCTGC-1,1
TTCTTGGAGTAATGAG-1,8
TTCTTGTAACCTAATG-1,4
TTCTTTGGTCGCGACG-1,9
TTGAAAGGTGTAAAGG-1,8
TTGAAGAATTCCCAGG-1,6
TTGAATATGGACTTTC-1,2
TTGAATTCACGTGAGG-1,2
TTGACAGGAGCTCCCG-1,2
TTGACATGAACGTGGA-1,1
TTGACCATGTTCTCCG-1,6
TTGACCGTGTTAATGA-1,1
TTGACGCTCCATGAGC-1,2
TTGACTACCATATGGT-1,6
TTGACTATTGTCCGGC-1,2
TTGAGAGTACTGCTAA-1,1
TTGAGCAGCCCACGGT-1,7
TTGAGCGCCACGTGAT-1,7
TTGAGGCATTTAACTC-1,3
TTGAGTCCCGCTGCTG-1,7
TTGATAGTCAATACAT-1,9
TTGATCTAACTTTGTC-1,1
TTGATGTGTAGTCCCG-1,6
TTGATTAGCTGTTTCT-1,1
TTGATTATGCAGATGA-1,4
TTGCACAATTCAGAAA-1,5
TTGCACGGAGCAGCAC-1,1
TTGCATGCTGATCACG-1,1
TTGCCAAGCAGAACCC-1,7
TTGCCCTGATCACGGG-1,1
TTGCCGGTGATCCCTC-1,3
TTGCGGCATCAGAAAG-1,1
TTGCGTCGGCCAACCG-1,1
TTGCGTGAACGCTTAG-1,3
TTGCTCCCATACCGGA-1,8
TTGCTGAAGGAACCAC-1,1
TTGCTGATCATGTTCG-1,5
TTGCTGGCCGGGCTTC-1,3
TTGGAAGAATACAGTC-1,5
TTGGACATGTGGCTTA-1,4
TTGGATATCGTCTACG-1,5
TTGGATCGACTTCTGG-1,4
TTGGATTGGGTACCAC-1,1
TTGGCCTAGAATTTCG-1,8
TTGGCGATCCGAATAT-1,7
TTGGCTCGCATGAGAC-1,4
TTGGGACACTGCCCGC-1,6
TTGGGCGGCGGTTGCC-1,2
TTGGGTTTATTCAGCG-1,3
TTGGTATGGCTTGTGT-1,5
TTGGTCACACTCGTAA-1,5
TTGGTTCGCTCAAAGG-1,7
TTGTAAGGACCTAAGT-1,1
TTGTAAGGCCAGTTGG-1,2
TTGTAATCCGTACTCG-1,5
TTGTATCACACAGAAT-1,1
TTGTCGTTCAGTTACC-1,1
TTGTGGCCCTGACAGT-1,1
TTGTGGTAGGAGGGAT-1,4
TTGTGGTATAGGTATG-1,9
TTGTGTTTCCCGAAAG-1,5
TTGTTAGCAAATTCGA-1,4
TTGTTCAGTGTGCTAC-1,8
TTGTTGTGTGTCAAGA-1,2
TTGTTTCACATCCAGG-1,1
TTGTTTCCATACAACT-1,4
